Subject,Code,Type,Semester,RequirementOf,Goal,About
Informação Profissional e Tutoria Acadêmica em Ciências da Computação,SCC0200,Disciplinas Obrigatórias,1º Semestre Ideal,,"Ambientar o estudante com o curso de Bacharelado em Ciências da Computação, proporcionando uma visão global dos conteúdos do currículo e das várias áreas da Computação. Familiarizar o estudante com a rotina acadêmica, introduzindo e discutindo as diversas questões relacionadas, visando acompanhar o rendimento dos alunos, orientá-los sobre o andamento do curso e prover orientação sobre atividades complementares e sobre a carreira em computação, aumentando o aproveitamento dos alunos e diminuindo evasão e retenção no curso.","Disciplina de caráter informativo, oferecendo uma visão geral da Computação, abordando-se, na forma de palestras e seminários, uma introdução a suas várias áreas de atuação (como banco de dados, engenharia de software, sistemas operacionais, inteligência artificial, computação gráfica, redes de computadores e web, dentre outras), seu desenvolvimento, aplicações e consequências tecnológicas, sociais e econômicas, assim como seu impacto no mercado de trabalho e na academia. Realização de atividades de tutoria acadêmica, com discussão sobre demandas da nova rotina acadêmica, planejamento de estudos, rendimento acadêmico, atividades extracurriculares e oportunidades de formação oferecidas pela instituição, orientações sobre a carreira em Computação, e comportamento ético e cidadão no ambiente universitário, dentre outros assuntos de interesse dos alunos."
Introdução à Ciência de Computação I,SCC0221,Disciplinas Obrigatórias,1º Semestre Ideal,SCC0201,"Apresentar os conceitos básicos para o desenvolvimento de programas, utilizando uma linguagem de programação como apoio.","Conceitos básicos sobre computadores: hardware, software, sistema operacional, compiladores, representação interna de dados e linguagem de programação. Resolução de problemas e desenvolvimento de algoritmos: análise e solução de problemas, representação e documentação. Estruturas de programas: decisão e repetição. Tipos de dados simples. Modularização de programas: procedimentos, funções e passagem de parâmetros. Tipos de dados compostos: vetores, matrizes, cadeias de caracteres, registros, conjuntos e estruturas dinâmicas (ponteiros). Arquivos. Depuração de programas. Programação em linguagem estruturada.
Atividades de Extensão: Divulgação de materiais (via youtube, palestras, etc.) sobre como um computador é programado, como funciona e o que são linguagens de programação. Também podem ser realizados trabalhos extensionistas com personalidades da computação menos conhecidas como Charles Babbage e Dennis Ritchie, ou valorizando o papel de mulheres na computação como Ada Lovelace, Grace Hopper e Margaret Hamilton.
Carga horária: 10 horas."
Laboratório de Introdução à Ciência de Computação I,SCC0222,Disciplinas Obrigatórias,1º Semestre Ideal,,"Implementar em laboratório as técnicas de programação apresentadas em Introdução à Ciência da Computação I, utilizando uma linguagem de programação estruturada.","Resolução de problemas e desenvolvimento de programas: análise e solução de problemas, representação e documentação. Estruturas de programas: decisão e repetição. Tipos de dados simples. Modularização de programas: procedimentos, funções e passagem de parâmetros. Tipos de dados compostos: vetores, matrizes, cadeias de caracteres, registros, conjuntos e estruturas dinâmicas (ponteiros). Arquivos. Depuração de programas. Programação em linguagem estruturada."
Geometria Analítica,SMA0300,Disciplinas Obrigatórias,1º Semestre Ideal,SMA0394,"Visa familiarizar os alunos com a geometria analítica no plano e no espaço, com ênfase nos seus aspectos geométricos e suas traduções em coordenadas cartesianas","Coordenadas cartesianas.  Vetores. Dependência linear. Bases. Produto escalar. Produto vetorial. Translação e rotação. Retas e planos. Distância e ângulo. Cônicas. Equações reduzidas das superfícies quádricas. Coordenadas polares, cilíndricas e esféricas."
Cálculo I,SMA0353,Disciplinas Obrigatórias,1º Semestre Ideal,7600105; SMA0354; SMA0392,"Fazer com que os alunos familiarizem-se com os conceitos de limite, continuidade, diferenciabilidade e primitivas de funções de uma variável.",O conjunto dos números reais. Funções Reais de uma variável. Composição de funções. Limites. Continuidade. Diferenciabilidade. Derivação de uma composição.  Taxas relacionadas. Máximos e mínimos. Gráficos. Diferencial. Fórmula de Taylor. Primitivas.
Evolução Histórica da Computação e Aplicações,SSC0104,Disciplinas Obrigatórias,1º Semestre Ideal,,"Apresentar ao aluno um panorama da evolução da computação, identificando marcos históricos, personagens relevantes e suas contribuições. Motivar o aluno ingressante por meio da apresentação de desenvolvimentos e aplicações importantes da computação em diferentes áreas, relacionando-os aos fundamentos matemáticos a serem estudados ao longo do curso.","Panorama histórico da Informática e Computação. O papel dos instrumentos de cálculo e sua evolução. Sistemas de hardware e software, personagens, organizações e empresas que contribuíram significativamente para o desenvolvimento da Computação como ciência e tecnologia. Sistemas de hardware: marcos históricos e evolução. Desenvolvimento de sistemas de software em diferentes disciplinas da Informática: marcos históricos e evolução. Exemplos de aplicação.

Atividades de extensão: Preparação de conteúdos históricos e atuais sobre a computação que são divulgados em redes sociais do Museu de Computação ou nas exposições presenciais existentes dentro do Museu de Computação. A carga horária corresponde a 15 horas."
Prática em Lógica Digital,SSC0109,Disciplinas Obrigatórias,1º Semestre Ideal,,"Introduzir o aluno na prática de conceitos básicos de eletrônica e lógica digital, e técnicas de projeto de subsistemas digitais com ênfase em circuitos combinacionais.","Prática em circuitos combinacionais, funções lógicas, circuitos lógicos, simplificação algébrica, formas normais disjuntivas e conjuntivas, mapas de Karnaugh, decodificadores, representação numérica, circuitos somadores, subtratores e multiplicadores, multiplex e demultiplex."
Introdução à Lógica Digital,SSC0117,Disciplinas Obrigatórias,1º Semestre Ideal,SSC0118,"Introduzir ao aluno conceitos básicos de eletrônica elógica Digital, técnicas de projeto de subsistemas digitais com ênfase em circuitos combinacionais.","Circuitos combinacionais, funções lógicas, circuitoslógicos, simplificação algébrica, formas normais disjuntivas e conjuntivas, mapas de Karnaugh, decodificadores, representação numérica, circuitos somadores, subtratores e multiplicadores, multiplex e demultiplex."
Eletrônica para Computação,SSC0180,Disciplinas Obrigatórias,1º Semestre Ideal,,Familiarizar os alunos com o funcionamento eletrônico das portas e lógicas com conceitos relacionados a dispositivos eletrônicos.,"Conceitos básicos de circuitos eletrônicos, com ênfase na utilização de componentes eletrônicos básicos, tais como resistores, capacitores, diodos e transistores, no projeto de circuitos e portas lógicas digitais. Uso de simuladores de circuitos elétricos para visualização de formas de onda. Estudo do efeito de fontes de tensão de corrente contínua em circuitos elétricos. Aplicações de transistores como chaves binárias no projeto de funções lógicas, como portas NOT, AND, OR e XOR. Efeitos transitórios na propagação de sinais elétricos em circuitos de lógica digital, como tempos de subida e descida, efeitos fan-out e suas formas de ondas. Circuitos NMOS e CMOS: caracterização e efeitos de variação de voltagem e frequência.

Atividades de extensão: Produção de material como recurso rducacional ou outros para uso fora da USP (por ex, vestibulandos, ensino médio, cursos profissionalizantes, etc). Projetos que resolvam problemas fora da USP. Feiras ou atividades para a sociedade. A carga horária corresponde a 10 horas."
Física Básica I,7600105,Disciplinas Obrigatórias,2º Semestre Ideal,7600109,Ensinar aos estudantes os conceitos básicos da Mecânica Newtoniana e os métodos da Física como ciência. Capacitá-los a formular e resolver problemas referentes ao movimento de corpos e sistemas de corpos sob ação de forças.,"1. Medidas e unidades;
2. Movimento em uma, duas e três dimensões;
3. Leis de Newton e suas aplicações;
4. Trabalho e energia;
5. Conservação de Energia;
6. Sistemas de Partículas e Conservação de Momento;
7. Rotação e conservação do momento angular;
8. Fluidos;
9. Oscilações e ondas: Oscilações, movimento ondulatório."
Introdução à Ciência de Computação II,SCC0201,Disciplinas Obrigatórias,2º Semestre Ideal,SCC0215; SCC0215; SCC0205; SCC0230; SCC0210; SCC0210; SCC0251; SCC0251; SCC0261; SSC0723; SSC0951; SSC0951; SCC0273; SSC0724,"Apresentação de conceitos avançados que levem o aluno a uma maturidade em programação estruturada, com conhecimento de uma linguagem de programação com recursos avançados. Aprendizado de técnicas para construção de algoritmos e para análise da complexidade de algoritmos. Aprendizado de algoritmos clássicos de ordenação e busca em memória interna. Prática de Programação.","Análise de algoritmos: conceitos básicos, critérios de complexidade de tempo e espaço, notação assintótica, análise de pior caso, melhor caso e caso médio, técnicas de contagem de operações e análise de recorrências, prática e discussão com problemas computacionais relevantes. Algoritmos de ordenação interna simples e avançados: conceitos básicos, métodos de ordenação bubblesort, quicksort, inserção, shellsort, seleção, heapsort, mergesort, contagem de menores, contagem de tipos e radixsort, análise dos algoritmos de ordenação, prática e discussão com problemas computacionais relevantes. Algoritmos de busca interna: conceitos básicos, métodos de busca binária e por interpolação, análise dos algoritmos de busca anteriores e considerações sobre busca em árvores, prática e discussão com problemas computacionais relevantes. Hashing interno: conceitos básicos, tipos de hashing, funções hash, tratamento de colisões, análise dos algoritmos de busca, inserção e remoção com base em hashing.

Atividades de extensão: Divulgação de conteúdo sobre algoritmos e sua computabilidade. Por exemplo é quase senso comum que um computador pode resolver tudo imediatamente, o que não é verdade. Algoritmos usados na prática podem ser abordados para o público geral e interessados (ordenação, busca, hashing) e sua complexidade. A carga horária corresponde a 5 horas."
Algoritmos e Estruturas de Dados I,SCC0202,Disciplinas Obrigatórias,2º Semestre Ideal,SCC0216; SSC0103; SSC0960; SCC0282; SCC0284,"Familiarizar os estudantes com as várias estruturas da informação, buscando habilitá-los a contar com esses recursos no desenvolvimento de outras atividades de ciências de computação.","Tipos abstratos de dados. Listas lineares: seqüenciais, simplesmente e duplamente encadeadas, estáticas e dinâmicas, circulares, com nó-cabeça. Operações básicas sobre listas lineares e análise dos algoritmos. Pilhas, filas, filas de prioridade, operações básicas sobre pilhas e filas e análise dos algoritmos. Aplicações de listas lineares, pilhas e filas em problemas computacionais relevantes. Matrizes esparsas. Listas generalizadas e aplicações. Listas não lineares: árvores, árvores binárias, operações básicas sobre árvores e análise dos algoritmos. Árvores binárias de busca, árvores binárias de busca balanceadas, árvores AVL, operações básicas e análise dos algoritmos. Considerações sobre heaps aplicados em filas de prioridades. Aplicações de listas não lineares em problemas computacionais relevantes e análise dos algoritmos."
Matemática Discreta I,SMA0180,Disciplinas Obrigatórias,2º Semestre Ideal,SCC0283; SCC0283,"Dar aos alunos os conhecimentos básicos de Contagem e Combinatória, Relações, Teoria dos Números no contexto de Criptografia, Inferência e Prova, e Indução Matemática, habilitando-os a resolverem problemas da área de Ciências de Computação.","Contagem e combinatória: princípios de adição, princípios do produto, listas, fatorial, arranjo, permutações, combinações, com e sem repetição de elementos, subconjuntos e triângulo de Pascal;
Relações: conceito, funções como relações, propriedades, equivalências, ordens parcial e total: e o problema da Arrumação da Estante; 
Teoria dos Números e Criptografia: chave secreta, sistemas de chave pública, criptografia usando aritmética de módulo n, máximo divisor comum,  Teorema da Divisão de Euclides, algoritmo de Euclides, exponencial módulo n, e criptosistema RSA;
Inferência e prova: regras de inferência, prova direta, prova por indução, prova por contradição, prova por construção e prova por absurdo; 
Indução Matemática: princípios, indução forte, visão recursiva, indução estrutural, recorrências e o Teorema Mestre."
Cálculo II,SMA0354,Disciplinas Obrigatórias,2º Semestre Ideal,SMA0355; SME0123; SMA0390,"Familiarizar os alunos com os resultados fundamentais relativos a: integração definida, técnicas de integração, diferenciabilidade de funções de várias variáveis e extremos de funções de várias variáveis.",A integral definida. Técnicas de integração. Aplicações da integral. Integrais impróprias. Curvas. Funções de várias variáveis. Limites. Derivadas parciais.  A regra da cadeia e aplicações. Gradiente e derivada direcional. Plano tangente e reta normal. Polinômio de Taylor. Máximos e mínimos para funções de várias variáveis. Multiplicadores de Lagrange.
Prática em Sistemas Digitais,SSC0108,Disciplinas Obrigatórias,2º Semestre Ideal,,"Estender o conhecimento do aluno com práticas em técnicas digitais, com ênfase no projeto de circuitos sequenciais.","Prática em circuitos sequenciais, flip-flops, registradores, conversores série/paralelo e paralelo/série, contadores síncronos e assíncronos, memória. Máquinas de estado finito-FSM. Técnicas de otimização de máquinas de estado finito. Projeto de circuitos lógicos sequenciais para a execução de instruções binárias.

Atividades de extensão: Produção de material como recurso educacional utilizando circuitos digitais para ensino/resolução de problemas da sociedade com circuitos digitais. A carga horária corresponde a 15 horas."
Sistemas Digitais,SSC0118,Disciplinas Obrigatórias,2º Semestre Ideal,SSC0902,"Estender o conhecimento do aluno em técnicas digitais, com ênfase no projeto de circuitos sequenciais.","Circuitos seqüenciais, flip-flops, registradores, conversores série/pararelo e paralelo/série, contadores síncronos e assíncronos, memória. Máquinas de estado finito-FSM. Técnicas de otimização de máquinas de estado finito. Projeto de circuitos lógicos seqüenciais para a execução de instruções binárias."
Laboratório de Física Geral I,7600109,Disciplinas Obrigatórias,3º Semestre Ideal,,"Familiarizar o aluno com a utilização de instrumentos de medidas mecânicas, organização de tabelas e gráficos com escala lineares e logarítmicas obtidos em Física I. Introduzir os fundamentos básicos da teoria de Erros e do Método dos Mínimos Quadrados. Utilizar os tópicos anteriores para a realização de práticas e confecção de relatórios sobre experimentos básicos de mecânica.","1.Instrumentos de medidas
1.1 Utilização de paquímetro, micrômetro e balança nas medidas de comprimento (diâmetro, espessura, profundidade, etc) e massa.
1.2 Estimativa de erro nas medidas
1.3 Propagação de erros
1.4 Algarismos significativos
2.Construção de Tabelas e Gráficos
2.1 Construção de Tabelas
2.2 Construção de gráficos
2.3 Escalas especiais para a construção de gráficos
2.4 Determinação dos coeficientes angular e linear de uma reta obtida a partir de dados experimentais
2.5 Lei de Hooke
3. Introdução ao método dos mínimos quadrados
3.1 Ajuste de curvas a dados experimentais através do método dos mínimos quadrados
3.2 Cinemática
3.3 Movimento Retilíneo Uniforme
3.4 Movimento Retilíneo uniformemente variado
4. Estática
4.1 Equilíbrio de um ponto Material
4.2 Tensão Máxima suportada por um fio
4.3 Atrito
5. Conservação de Energia
5.1 Conceito de Conservação da Energia Mecânica
5.2 Sistema Massa mola
6. Choques Unidimensionais
6.1 Utilização de um trilho de ar
6.2 Conservação da quantidade de movimento
6.3 Conservação da Energia Cinética
6.4 Coeficiente de restituição
6.5 Classificação dos choques."
Organização de Arquivos,SCC0215,Disciplinas Obrigatórias,3º Semestre Ideal,SCC0240,"Fornecer ao aluno noções de armazenamento em arquivos, técnicas de indexação, estrutura de dados e mecanismos eficientes para recuperação de dados em memória secundária.","Fundamentos de arquivos e armazenamento secundário. Organização de arquivos. Campos e registros de tamanho fixo e variável. Indexação de arquivos. Estruturas de dados e algoritmos para indexação primária, secundária e com múltiplas chaves. Manutenção de arquivos indexados dinâmicos. Processamento cosequencial. Ordenação de arquivos grandes. Árvores B e suas variações. Hashing externo."
Modelagem Computacional em Grafos,SCC0216,Disciplinas Obrigatórias,3º Semestre Ideal,SCC0218; SME0130; SME0130; SCC0271; SCC0271,"Ensinar ao aluno a importância de grafos em computação, mostrando seus conceitos fundamentais, principais estruturas de dados e aplicações resolvidas por meio de grafos.","Grafos - conceitos fundamentais, grafos dirigidos e não dirigidos, grafos ponderados, caminhos Eulerianos e Hamiltonianos, ciclos, operações básicas sobre grafos, busca em largura e em profundidade, isomorfismo. Representação de grafos via matriz de adjacência e listas de adjacências, operações e análise de algoritmos. Caminhos mínimos, detecção de ciclos, componentes conexos e fortemente conexos, pontes e vértices de articulação, ordenação topológica. Árvores geradoras mínimas, caminhos mínimos, fluxo em rede. Noções de redes complexas e aplicações."
Cálculo III,SMA0355,Disciplinas Obrigatórias,3º Semestre Ideal,SMA0393,"Familiarizar os alunos com os resultados fundamentais relativos a:  diferenciabilidade de  funções de várias variáveis, integrais múltiplas, integrais de linha, integrais de superfície.",Integrais duplas. Transformação de coordenadas. Integrais triplas.  Cálculo vetorial. Integrais de linha. Teorema de Green.  Integrais de superfícies. O Teorema de Gauss. O Teorema de Stokes.
Programação Orientada a Objetos,SSC0103,Disciplinas Obrigatórias,3º Semestre Ideal,SSC0124; SCC0250; SSC0770; SCC0260; SCC0225; SCC0252,Introduzir os conceitos de programação orientada a objetos e metodologia de desenvolvimento de software segundo esse paradigma.,"Projeto orientado a objetos. Encapsulamento e ocultação de informação. Separação de comportamento e implementação. Classes e subclasses. Herança. Overriding. Dynamic dispatch.
Polimorfismo. Relação entre Polimorfismo (de subtipo) e Herança. Hierarquias de classes.
Objetivos de aprendizado: 
1. Justificar a filosofia do projeto orientado a objetos e os conceitos de encapsulamento, abstração, herança e polimorfismo. 
2. Projetar, implementar, testar e depurar programas simples em uma linguagem de programação orientada a objetos. 
3. Descrever como o mecanismo de classes suporta encapsulamento e ocultação de informação. 
4. Projetar, implementar e testar a implementação de relações “é-um” (is-a) entre objetos usando uma hierarquia de classes e herança. 
5. Comparar e contrastar as noções de métodos de overloading e overriding em uma linguagem orientada a objetos."
Organização e Arquitetura de Computadores,SSC0902,Disciplinas Obrigatórias,3º Semestre Ideal,SSC0140; SSC0140; SSC0140; SSC0740; SSC0643,"Abordar conhecimentos atuais sobre a organização e arquitetura de computadores digitais. Estudar aspectos funcionais, estruturais e de desempenho de processadores, memórias, e do subsistema de entrada/saída e suas redes de interconexão. Compreender técnicas de otimização e de paralelização do processador, abaixo do nível de arquitetura do conjunto de instruções. Aprender a codificação de programas em linguagem de montagem.","Noções de Linguagens Montadoras (assembly): aspectos importantes em projetos de linguagens de máquina e de montagem; codificação de programas em assembly; 
Organização de processadores, elementos básicos e seus conceitos fundamentais;
Implementação do Ciclo de Instrução: aspectos estruturais, funcionais e de desempenho do nível de microarquitetura; arquitetura RISC;
Unidade de controle hardwired e microprogramada: fundamentos e desenvolvimento.
Paralelismo no nível de microarquitetura: pipeline, arquiteturas superescalares e multithreading;
Subsistemas de memória envolvendo cache e memória principal: aspectos estruturais, funcionais e de desempenho. 
Entrada e Saída (E/S): organização, técnicas e evolução do hardware para a E/S
Sistemas de interconexão atuais: conceitos gerais, estudos de casos. Barramento.

Atividades de extensão: Desenvolvimento de recursos educacionais abertos para ensino. A carga horária corresponde a 15 horas."
Programação Funcional,SSC0960,Disciplinas Obrigatórias,3º Semestre Ideal,,"Introduzir os conceitos básicos de programação funcional aos alunos de graduação. Desenvolver as habilidades necessárias para que o futuro desenvolvedor de tais programas possa criar soluções adequadas, com alto desempenho e qualidade.","Histórico, conceitos básicos e situação atual do paradigma funcional: introdução ao paradigma funcional, compreendendo funções e expressões lambda, funções de ordem superior, e demais conceitos funcionais aplicados em linguagens funcionais modernas.
Desenvolvimento de  programas em linguagens funcionais modernas.
Exemplos de programas em linguagens que incorporam aspectos funcionais.
Tópicos avançados em linguagens funcionais: aplicação de linguagens funcionais na solução de problemas."
Algoritmos Avançados e Aplicações,SCC0218,Disciplinas Obrigatórias,4º Semestre Ideal,,Permitir o contato do aluno com problemas clássicos e novos de computação que envolvam a análise de soluções variadas e os mais diversos paradigmas de programação.,"Apresentação dos paradigmas de força-bruta, dividir e conquistar, transformar e conquistar, reduzir e conquistar, programação dinâmica e  backtracking.  Solução de problemas com árvores e grafos, e manipulação de strings.
Atividades de extensão: Confecção de material para publicação na web.
Carga horária: 5 horas."
Estatística,SME0123,Disciplinas Obrigatórias,4º Semestre Ideal,SME0121; SME0806; SME0808; SME0822; SME0823,"Ensinamento de idéias básicas da Estatística, seus alcances e limitações. Estabelecer uma linguagem comum entre o Engenheiro e o Estatístico. Exemplificar através das técnicas mais comuns de Estatística.",Análise Exploratória de Dados (Estatística Descritiva). O espaço probabilístico. Modelos probabilísticos. Dependência e independência de eventos. Eventos condicionados. Variáveis aleatórias unidimensionais e n-dimensionais. Distribuições de probabilidade. Funções de variáveis aleatórias. Esperança matemática. Momentos. Covariância e correlação. Teorema do limite central. Estimação de parâmetros. Testes de hipóteses. Testes de aderência. Regressão linear.
Álgebra Linear e Aplicações,SME0142,Disciplinas Obrigatórias,4º Semestre Ideal,SME0104; SME0104,"O curso tem como objetivo introduzir conceitos de álgebra linear e suas aplicações, visando principalmente oferecer os fundamentos necessárias para as demais disciplinas do curso.","Conceitos Básicos de Geometria Analítica: Coordenadas cartesianas, Vetores, Produto escalar, Produto vetorial. Retas e planos. Cônicas. Equações reduzidas das superfícies quádricas. (Conteúdo ministrado em, no máximo, 4 aulas).
Fundamentos de Álgebra Linear: Espaços vetoriais, dependência linear, base e dimensão, subespaços, soma direta. Transformações lineares, núcleo e imagem, matriz de uma transformação linear. Posto de uma transformação linear. Ortogonalidade e operadores ortogonais, projeções em subespaços, mínimos quadrados e regressão linear. Autovalores e autovetores, subespaços invariantes, teorema espectral, formas quadráticas e coeficiente de Rayleigh. Decomposição em valores singulares (SVD) e aproximação de posto reduzido. Aplicações: Análise de componentes principais (PCA) e redução de dimensionalidade."
Análise e Projeto Orientados a Objetos,SSC0124,Disciplinas Obrigatórias,4º Semestre Ideal,SSC0130; SSC0725,"Permitir ao aluno realizar a análise e projeto orientados a objetos de sistemas de software, seguindo o processo unificado.","Visão geral dos métodos para análise e projeto orientados a objetos, em particular o Processo Unificado. Como modelar com objetos usando a notação UML: o modelo conceitual; o modelo comportamental: diagrama de sequência, operações, contratos; o modelo de interação: casos de usos, colaboração entre objetos e diagramas de comunicação. Do projeto para a codificação. Padrões para atribuição de responsabilidades. Ferramentas de apoio.

Atividades de extensão: Modelagem de sistemas de interesse da sociedade como forma de exercitar as técnicas vistas em sala de aula, oferecendo soluções que ficam documentadas e disponíveis para futuro desenvolvimento de software de apoio. A carga horária corresponde a 15 horas."
Sistemas Operacionais I,SSC0140,Disciplinas Obrigatórias,4º Semestre Ideal,SSC0142; SSC0903; SSC0903; SSC0141; SSC0154; SSC0160; SSC0160; SSC0950; SSC0745,Introduzir o estudante nos conceitos e princípios básicos dos sistemas operacionais de computadores digitais.,"Histórico e evolução, tipos de sistemas operacionais, serviços do sistema operacional, estrutura de um sistema operacional, processos, comunicação entre processos, problemas clássicos, escalonamento. Princípios de entrada\saída, aspectos de hardware, aspectos de software, deadlocks.  Gerenciamento de memória, princípios básicos, paginação, multiprogramação, memória virtual, algoritmos para troca de páginas, cache, algoritmos para manipulação de cache. Sistema de arquivos, visão do usuário, diretrizes para projeto, aspectos de confiabilidade, segurança e desempenho: servidores de arquivos.

Atividades de extensão: Disponibilização de material didático em diversos formatos (REAs, Vídeos, Tutoriais, Jogos). A carga didática corresponde a 30 horas."
Introdução ao Desenvolvimento Web,SCC0219,Disciplinas Obrigatórias,5º Semestre Ideal,,Introduzir conhecimentos sobre desenvolvimento de aplicações Web envolvendo programação e manipulação de Bancos de Dados.,"Histórico sobre desenvolvimento de aplicações para Web, terminologia e problemas. Infra-estrutura utilizada no desenvolvimento de aplicações Web: requisições HTTP, comunicação, linguagens de marcação (HTML, CSS, etc), processamento no lado do cliente (Javascript, DOM, etc.), processamento no lado do servidor (frameworks e linguagens para Web ), manipulação de Banco de Dados (SQL e NoSQL). Desenvolvimento de exemplos a fim de facilitar a compreensão de conceitos básicos.
Atividades de extensão: 
A disciplina propõe a criação de um projeto prático de implementação de uma solução Web. Essa solução pode ser pensada para atender segmentos da sociedade. 
Ainda nessa disciplina os alunos podem produzir material online de divulgação para outros programadores e podem disponibilizar seus projetos em repositórios abertos para que outros programadores possam contribuir ou apenas analisar o projeto.
Carga horária: 10 horas."
Bases de Dados,SCC0240,Disciplinas Obrigatórias,5º Semestre Ideal,SCC0247; SCC0243; SCC0245,"Objetivos: Fornecer conceitos, técnicas e características básicas dos Sistemas Gerenciadores de Bases de Dados, tornando o aluno capaz de desenvolver sistemas de informação centrados na busca de informações armazenadas em bases de dados.","Introdução a bases de dados e Sistemas Gerenciadores de Bases de Dados: conceitos fundamentais, bases de dados relacionais e não-relacionais, arquitetura de sistemas de bases de dados. Modelagem de dados utilizando o Modelo Entidade-Relacionamento. Modelo Relacional: conceitos, álgebra relacional e normalização. Introdução a SQL: comandos de definição de dados e de manipulação de dados. Introdução ao processamento de transações: conceitos e teoria. Aspectos de implementação dos sistemas gerenciadores de bases de dados."
Cálculo Numérico,SME0104,Disciplinas Obrigatórias,5º Semestre Ideal,SME0110,"Familiarização do aluno com as técnicas computacionais da Álgebra Linear, da Álgebra e da Análise Matemática, através do estudo de métodos numéricos, com uso intensivo de computadores digitais.","Representação de números no computador. Erros em métodos numéricos. Soluções de equações: métodos iterativos de Newton, Secantes. Soluções de equações e sistemas de equações não-lineares: método iterativo linear, método de Newton. Soluções de equações lineares: métodos exatos - LU, eliminação de Gauss – e iterativos - Gauss-Seidel, Jacobi-Richardson. Determinação numérica de auto-valores e auto-vetores: métodos das potências e Jacobi. Análise de Componentes Principais, Decomposição em Valores Singulares e aplicações. Aproximação de funções: método dos mínimos quadrados. Interpolação Polinomial de Lagrange e Bezier e B-splines e Interplação por Base Radial."
Processos Estocásticos,SME0121,Disciplinas Obrigatórias,5º Semestre Ideal,,"Fornecer ao aluno base teórica em Processos Estocásticos para que possa apreciar suas aplicações, principalmente voltadas às áreas de Redes de Computadores, análise de Sistemas, etc, com consistência e incluindo métodos de Simulação Estocásticas.","Introdução. Processos Estocásticos homogêneos. Processos de Poisson. Cadeias de Markov a parâmetro discreto e a parâmetro contínuo: definições, propriedades, distribuições de equilíbrio. Exemplos e aplicações. Processos de Nascimento e Morte a parâmetro discreto e contínuo e aplicações. Introdução à Teoria de Filas. Filas Gerais M/M/c/K, c 1, K. Introdução à Simulação Estocástica voltada para a simulação de sistemas de filas."
Engenharia de Software,SSC0130,Disciplinas Obrigatórias,5º Semestre Ideal,SSC0959; SCC0280; SSC0123; SSC0720; SSC0726,Oferecer uma visão geral do processo de desenvolvimento de software e dos métodos e técnicas que podem ser utilizadas em cada fase do ciclo de vida do software.,"Introdução e objetivos da Engenharia de Software. Processo de Desenvolvimento de Software. Modelos de Processo: do linear aos interativos e ágeis. Métodos e Técnicas de Análise e Especificação de Requisitos: características, problemas, conceitos básicos.  Visão Geral das Fases de Análise e Projeto de Software. Gerenciamento de Projetos de Software: planejamento, métricas e estimativas. Gerenciamento de Configuração de Software. Qualidade de Software: qualidade de produto e de processo. Métodos e Técnicas para Verificação e Validação de Software: inspeção e teste. Manutenção de Software.

Atividades de extensão: Aplicação de técnicas de engenharia de software vistas em sala de aula a problemas relatados na indústria, oferecendo soluções que ficam documentadas e disponíveis para uso pelas empresas ou por outros alunos como forma de aprendizagem baseada em problemas. A carga horária corresponde a 15 horas."
Redes de Computadores,SSC0142,Disciplinas Obrigatórias,5º Semestre Ideal,SSC0900; SSC0904; SSC0904; SSC0954; SSC0158; SSC0158; SSC0158; SSC0152; SSC0748,"Apresentar os conceitos básicos em comunicação, redes de computadores e a internet.","1 - Introdução: Estrutura das redes, núcleo e acesso; perdas e atrasos em pacotes; camadas de protocolos; modelos de serviços. 2  Camada de aplicação: modelos cliente-servidor e P2P; protocolos de aplicação: http, ftp, smtp, etc; implementação de protocolos; 3  Camada de transporte: multiplexação, controle de fluxo, controle de congestionamento; TCP; UDP; 4  Camada de rede: redes baseadas em circuitos virtuais e em datagramas; IPv4; IPv6; ICMP; roteamento; 5  Camada de Link de Dados: deteção e correção de erros; compartilhamento de canais; endereçamento; controle de fluxo.

Atividades de extensão: Disponibilização de material didático em diversos formatos (REAs, Vídeos, Tutoriais, Jogos). A carga horária corresponde a 30 horas."
Teoria da Computação e Linguagens Formais,SCC0205,Disciplinas Obrigatórias,6º Semestre Ideal,SCC0217,"Dar ao aluno noção formal de algoritmo, computabilidade e do problema de decisão, de modo a deixá-lo consciente das limitações da ciência da computação. Aparelhá-lo com as ferramentas de modo a habilitá-lo a melhor enfrentar a solução de problemas com o auxílio do computador. Dar subsídios para o aluno poder definir linguagens de programação, isto é, sua sintaxe e semântica, através do estudo das gramáticas formais.","Linguagens Regulares: Autômatos finitos determinísticos e não-determinísticos; expressões regulares; técnicas para identificar e descrever linguagens regulares; técnicas para mostrar que uma linguagem não é regular; propriedades de tais linguagens. Linguagens Livres de Contexto: Gramáticas Livres de Contexto; derivações; árvores de derivação; ambigüidade; autômatos de pilha; propriedades de tais linguagens; técnicas para mostrar que uma linguagem não é livre de contexto. Linguagens Sensíveis ao Contexto e Linguagens Recursivamente Enumeráveis: Máquinas de Turing; definições básicas e sua relação com a noção de um algoritmo/programa. Poder das Máquinas de Turing e Tese de Church-Turing. Indecibilidade: Máquinas de Turing Universais; Limitações sobre a nossa habilidade de computar; problemas indecidíveis. Teoria de Complexidade: Complexidade de Tempo, Complexidade de Espaço, Intratabilidade.
Atividades de Extensão: Produção de vídeos disponibilizados publicamente sobre a história da ciência e, considerando a grande relevância da Informática no mundo, sobre questões que possam ser de interesse da sociedade. Também podem ser promovidos seminários abertos sobre esses assuntos.
Carga Horária: 10 horas."
Computadores e Sociedade I,SCC0207,Disciplinas Obrigatórias,6º Semestre Ideal,,"Conscientizar os estudantes de alguns dos problemas que surgem, para o indivíduo e sociedade, com a introdução dos computadores digitais. Espera-se, ainda, que o curso ajude os estudantes a tomarem ciência de suas futuras responsabilidades como profissionais em computação.","A Abrangência da Ética em Computação, A Importância do Raciocínio na Tomada de Decisões Éticas; CÓDIGOS DE ÉTICA PROFISSIONAIS.   O Código de Ética da ACM, O Código de Ética Unificado IEEE-CS/ACM para Engenharia de Software, Um Método para Tomada de Decisão em Situações Éticas. ACESSO NÃO AUTORIZADO: o que é considerado hacking?, tipos de invasões, as motivações dos hackers; PROPRIEDADE INTELECTUAL: a importância da proteção à propriedade intelectual , a propriedade intelectual e os códigos de ética da ACM e unificado , direito autoral, patente, segredos de negócio , engenharia reversa , novas tecnologias associadas ao direito autoral ; A ÉTICA NA INTERNET: liberdade de informação na internet, mensagens eletrônicas , habeas-data e privacidade , outras formas de privacidade relacionadas com a internet, privacidade nas telecomunicações - criptografia ; Sistemas Críticos com Relação à Segurança; Denúncia; Doenças Profissionais na Área de Computação; Gerenciamento da Carreira Profissional."
Inteligência Artificial,SCC0230,Disciplinas Obrigatórias,6º Semestre Ideal,SCC0270; SCC0276; SCC0633; SCC0231; SCC0233; SCC0244; SCC0244; SCC0277; SCC0287,Apresentar ao aluno as idéias fundamentais da Inteligência Artificial e algumas características relacionadas à implementação desse tipo de sistemas.,"História da Inteligência Artificial (IA). Caracterização dos problemas de IA e aplicações (por exemplo, em processamento de linguagem natural, mineração de dados e robótica). Introdução à programação lógica e seu uso em IA. Métodos de busca para resolução de problemas: busca cega e informada, busca com adversários. Formalismos de representação de conhecimento e inferência: lógica, redes semânticas, frames, scripts e regras de produção. Sistemas baseados em conhecimento. Noções gerais de aprendizado de máquina. Introdução a algumas técnicas relevantes de aprendizado, como árvores de decisão, naive-bayes, redes neurais, algoritmos genéticos e k-means. Ética e impactos da IA.
Atividades de Extensão: Alguns projetos práticos podem ser voltados para aplicações em tópicos de interesse para a sociedade, como desenvolvimento de modelos de detecção de fake news e de análise de sentimentos da população sobre determinados assuntos nas redes sociais (usando, por exemplo, dados disponíveis publicamente em repositórios e em portais científicos com conjuntos de dados).
Carga Horária: 10 horas."
Programação Matemática,SME0110,Disciplinas Obrigatórias,6º Semestre Ideal,,"Capacitar o aluno a perceber, formular e resolver problemas de otimização linear com variáveis contínuas e inteiras.","Definição de problemas de programação matemática. Introdução a modelagem de problemas de otimização linear com variáveis contínuas. Representação gráfica e solução gráfica de problemas de otimização linear com variáveis contínuas. Teoria da programação linear. Pontos extremos, vértices e soluções viáveis básicas. Degenerescência. O método simplex: condições de otimalidade e desenvolvimento. Encontrando uma solução viável básica inicial. Ciclagem. Aplicações de otimização com variáveis inteira, tipos de problemas e construção de modelos. Introdução a relaxação de modelos: Relaxação Linear; Lagrangiana e Combinatória. Método Branch-and-Bound. Princípio do método de Planos de Cortes e pré-processamento. Introdução a métodos heurísticos: heurísticas, metaheurísticas e matheurísticas. Heurísticas construtivas. Métodos de busca local: descida e máxima descida."
Computação de Alto Desempenho,SSC0903,Disciplinas Obrigatórias,6º Semestre Ideal,,"Transmitir aos alunos conceitos sobre computação de alto desempenho, considerando seus aspectos de hardware e software, com vistas ao desenvolvimento de aplicações paralelas.","Introdução à computação paralela: contexto e conceitos básicos.
Hardware paralelo para computação de alto desempenho: arquiteturas paralelas, organizações de hardware que impactam o desempenho (processadores,  memórias e redes de interconexão).
Projeto de software para computação de alto desempenho: modelos de programação para aplicações paralelas, ferramentas para o desenvolvimento de aplicações paralelas (compiladores, bibliotecas e padrões), escalonamento de processos.
Desenvolvimento de aplicações paralelas: estudos de caso.
Avaliação de desempenho de sistemas computacionais de alto desempenho: métricas e metodologias.
Teste de programas paralelos: conceitos, técnicas e ferramentas para o teste de programas paralelos."
Linguagens de Programação e Compiladores,SCC0217,Disciplinas Obrigatórias,7º Semestre Ideal,,Dar ao aluno as noções básicas sobre linguagens de programação e técnicas de construção de compiladores para linguagens de programação de alto nível.,"Introdução às linguagens de programação - evolução das linguagens, paradigmas, estruturas de programação, tipos de dados, níveis de descrição das linguagens. Conceitos básicos de compilação - compiladores e programas correlatos (interpretadores, pré-processadores, carregadores, etc.), compilação em um e em vários passos, tipos de compiladores (cruzado, auto-compilável, etc). Análise léxica. Análise sintática ascendente e descendente. Análise semântica e tabela de símbolos. Tratamento de erros léxicos, sintáticos e semânticos. Noções de geração de código intermediário e otimização. Geração de código objeto. Definição de uma linguagem e implementação de um compilador para uma máquina hipotética."
Computação Gráfica,SCC0250,Disciplinas Obrigatórias,7º Semestre Ideal,,"Fornecer ao aluno familiarização com a computação gráfica, bem como conhecimento e prática dos conceitos básicos e aplicações.","Origem e objetivos da Computação Gráfica. Dispositivos Vetoriais x Matriciais. Dispositivos de entrada e saída. Sistemas e equipamentos gráficos. Algoritmos para conversão matricial e preenchimento de primitivas gráficas. Transformações geométricas em duas e três dimensões; coordenadas homogêneas e matrizes de transformação. Transformação entre sistemas de coordenadas 2D e recorte. Transformações de projeção paralela e perspectiva; câmera virtual; transformação entre sistemas de coordenadas 3D. Definição de objetos e cenas tridimensionais: modelos poliedrais e malhas de polígonos. O Processo de Rendering: fontes de luz; remoção de linhas e superfícies ocultas; modelos de iluminação e de tonalização (shading): Flat, Gouraud e Phong. Aplicação de Texturas. O problema do serrilhado (aliasing) e técnicas de anti-serrilhado (antialiasing)."
Sistemas de Informação,SSC0120,Disciplinas Obrigatórias,7º Semestre Ideal,,"Dar ao estudante a compreensão do relacionamento existente entre os componentes técnicos de um Sistema de Informação e a Tecnologia de Informação com a estrutura, funções e políticas da Organização. Este curso objetiva colocar os sistemas de informação e a tecnologia de informação no contexto das organizações.","Fundamentos Organizacionais de Sistemas de Informação; O Papel Estratégico dos Sistemas de Informação; Sistemas de Informação e Organizações; Informação, Administração e Tomada de Decisão; Sistemas que Utilizam Trabalho com  Conhecimento e Informação (Information and Knowledge Work Systems); Melhoria da Tomada de Decisão Administrativa: Sistemas de Apoio à Decisão (DSS), Sistemas de Apoio à Decisão em Grupo(GDSS) e Sistemas de Apoio Executivo (ESS)."
Engenharia de Segurança,SSC0900,Disciplinas Obrigatórias,7º Semestre Ideal,SSC0901,"Familiarizar o aluno com conceitos básicos de segurança computacional e algoritmos criptográficos.
Devem ser tratados aspectos práticos.","Conceitos: ameaças, ataques, e recursos; princípios e estratégias de segurança; hacking ético. Criptografia: codificação simétrica para confidencialidade; autenticação de mensagens; codificação com chaves assimétricas; esteganografia. Autenticação: princípios de autenticação de usuários; palavras-chave, tokens, biometria; autenticação remota. Controle de acesso: usuários, objetos, e direitos de acesso; conjunto de direitos de acesso (papeis); controle baseado em atributos de acesso; identidade, credencial, e controle de acesso. Segurança em bancos de dados: ataques por SQL (injection); controle de acesso; criptografia em bancos de dados; inferência sobre dados; segurança em computação de nuvem. Software malicioso: tipos; ameaças persistentes; vírus, worms, spam, trojan, keyloggers, phishing, spyware, backdoors, entre outros; contra-ataque. Ataque por recusa de serviço: flooding, ataques distribuídos, mecanismos de defesa e de resposta. Firewalls: características e políticas de acesso; tipos; configuração. Governança da Internet: definições e esclarecimentos sobre governança da internet. Estudos de caso realizados em aulas práticas.

Atividades de extensão: Disponibilização de material didático. A carga horária corresponde a 15 horas."
Sistemas Computacionais Distribuídos,SSC0904,Disciplinas Obrigatórias,7º Semestre Ideal,SSC0744; SSC0744,Introduzir os fundamentos de sistemas computacionais distribuídos e suas técnicas de implementação. Aplicar os fundamentos e as técnicas de sistemas computacionais distribuídos em estudos de caso.,"Evolução histórica e introdução aos conceitos básicos;
Modelos arquiteturais: cliente-servidor, peer-to-peer, ad-hoc e outros; 
Modelos de comunicação e coordenação: memória compartilhada e distribuída;
Projetos de aplicações distribuídas: metodologias de projeto e desenvolvimento de aplicações distribuídas. Definição e características dos componentes de um sistema distribuído: front-ends, back-ends, brokers. Uso de banco de dados distribuídos como suporte a aplicações distribuídas;
Plataformas para o desenvolvimento de aplicações distribuídas;
Estudos de caso, tais como: sistemas de arquivos distribuídos, servidores de aplicação distribuídos, uso de grande volumes de dados abertos coletados de servidores governamentais, problemas relacionados à comunicação e sincronismo de aplicações distribuídas."
Estágio Supervisionado I,SCC0291,Disciplinas Obrigatórias,9º Semestre Ideal,SCC0292,"Para os alunos que optarem por um estágio em uma empresa, o objeto desta disciplina é permitir que o aluno se familiarize com o ambiente onde deverá exercer sua profissão. Além disso, dar-lhe uma visão mais abrangente da área e a possibilidade de trabalhar junto a uma equipe desenvolvendo um projeto real da prática profissional.","Para os alunos que optarem por um estágio em uma empresa, realização de projeto em firma conveniada ou aprovada pelo ICMC, sob supervisão do professor responsável pela disciplina e engajado em algum projeto na empresa, sob a responsabilidade de um supervisor na empresa. Ao final deve se executar uma monografia pormenorizada do projeto."
Estágio Supervisionado II,SCC0292,Disciplinas Obrigatórias,10º Semestre Ideal,,"Para os alunos que optarem por um estágio em uma empresa, o objeto desta disciplina é permitir que o aluno se familiarize com o ambiente onde deverá exercer sua profissão. Além disso, dar-lhe uma visão mais abrangente da área e a possibilidade de trabalhar junto a uma equipe desenvolvendo um projeto real da prática profissional.","Para os alunos que optarem por um estágio em uma empresa, realização de projeto em firma conveniada ou aprovada pelo ICMC, sob supervisão do professor responsável pela disciplina e engajado em algum projeto na empresa, sob a responsabilidade de um supervisor na empresa. Ao final deve se executar uma monografia pormenorizada do projeto."
Seminários em Gestão Organizacional,5500002,Disciplinas Optativas Livres,2º Semestre Ideal,,"O objetivo principal desta disciplina é abordar tópicos variados de gestão organizacional, de forma generalista, apresentando aos alunos uma visão geral das várias frentes da gestão, contribuindo para sua formação técnica e humanística em seu futuro profissional.","Visão geral da gestão organizacional em suas mais variadas frentes: planejamento e administração geral, orçamento e finanças, recursos humanos, gestão ambiental e desenvolvimento sustentável, prevenção de acidentes de trabalho, tecnologia de informação e comunicação, dentre outros tópicos relevantes."
Cálculo I (semipresencial),SMA0392,Disciplinas Optativas Livres,2º Semestre Ideal,,"Fazer com que os alunos familiarizem-se com os conceitos de limite, continuidade, diferenciabilidade e primitivas de funções de uma variável.
Esse oferecimento será exclusivo aos/as discentes interessados/das, de forma opcional, e que atendam aos seguintes critérios: já ter cursado a disciplina SMA0353-Cálculo I presencialmente, ter obtido nota entre 3,0 e 4,9 e frequência igual ou maior que 70%. A inscrição na disciplina será feita através de Requerimento de
Matrícula.","O conjunto dos números reais. Funções Reais de uma variável. Composição de funções.
Limites. Continuidade. Diferenciabilidade. Derivação de uma composição. Taxas relacionadas. Máximos e mínimos. Gráficos. Diferencial. Fórmula de Taylor. Primitivas."
Geometria Analítica (semipresencial),SMA0394,Disciplinas Optativas Livres,2º Semestre Ideal,,"Visa familiarizar os alunos com a geometria analítica no plano e no espaço, com ênfase nos seus aspectos geométricos e suas traduções em coordenadas cartesianas.

Esse oferecimento será exclusivo aos/as discentes interessados/das, de forma opcional, e que atendam aos seguintes critérios: já ter cursado a disciplina SMA0300-Geometria Analítica (ou equivalente na tabela de equivalências do Departamento de Matemática do ICMC-USP) presencialmente, ter obtido nota entre 3,0 e 4,9 e frequência igual ou maior que 70%. A inscrição na disciplina será feita através de Requerimento de Matrícula.","Coordenadas cartesianas. Vetores. Dependência linear. Bases. Produto escalar. Produto
vetorial. Translação e rotação. Retas e planos. Distância e ângulo. Cônicas. Equações
reduzidas das superfícies quádricas. Coordenadas polares, cilíndricas e esféricas."
Cálculo II (semipresencial),SMA0390,Disciplinas Optativas Livres,3º Semestre Ideal,,"Familiarizar os alunos com os resultados fundamentais relativos a: integração definida,
técnicas de integração, diferenciabilidade de funções de várias variáveis e extremos de
funções de várias variáveis.
Esse oferecimento será exclusivo aos/as discentes interessados/das, de forma
opcional, e que atendam aos seguintes critérios: já ter cursado a disciplina
SMA0354-Cálculo II presencialmente, ter obtido nota entre 3,0 e 4,9 e frequência
igual ou maior que 70%. A inscrição na disciplina será feita através de Requerimento
de Matrícula.","A integral definida. Técnicas de integração. Aplicações da integral. Integrais
impróprias. Curvas. Funções de várias variáveis. Limites. Derivadas parciais. A regra
da cadeia e aplicações. Gradiente e derivada direcional. Plano tangente e reta normal.
Polinômio de Taylor. Máximos e mínimos para funções de várias variáveis.
Multiplicadores de Lagrange."
Cálculo III (semipresencial),SMA0393,Disciplinas Optativas Livres,4º Semestre Ideal,,"Familiarizar os alunos com os resultados fundamentais relativos a: diferenciabilidade de funções de várias variáveis, integrais múltiplas, integrais de linha, integrais de superfície.
Esse oferecimento será exclusivo aos/as discentes interessados/das, de forma opcional, e que atendam aos seguintes critérios: já ter cursado a disciplina SMA0355-Cálculo III presencialmente, ter obtido nota entre 3,0 e 4,9 e frequência igual ou maior que 70%. A inscrição na disciplina será feita através de Requerimento
de Matrícula.",Integrais duplas. Transformação de coordenadas. Integrais triplas. Cálculo vetorial. Integrais de linha. Teorema de Green. Integrais de superfícies. O Teorema de Gauss. O Teorema de Stokes.
Cálculo IV (semipresencial),SMA0391,Disciplinas Optativas Livres,5º Semestre Ideal,,"Familiarizar os alunos com os resultados fundamentais relativos a: sequências e séries numéricas e de funções,
série de Fourier e aplicações.
Esse oferecimento será exclusivo aos/as discentes interessados/das, de forma opcional, e
que atendam aos seguintes critérios: já ter cursado a disciplina SMA0356-Cálculo IV
presencialmente, ter obtido nota entre 3,0 e 4,9 e frequência igual ou maior que 70%. A
inscrição na disciplina será feita através de Requerimento de Matrícula.","Sequências numéricas. Séries numéricas. Séries de Potências, Séries de Fourier. Aplicação de Sequências e
Séries na resolução de equações diferenciais."
Humanidades e Ciências Sociais,IAU0126,Disciplinas Optativas Livres,8º Semestre Ideal,,"Introduzir o aluno nas discussões sobre a questão da técnica nas sociedades contemporâneas, familiarizando-o com abordagens a partir da ótica das artes, das ciências sociais e da filosofia, visando aproximá-lo de modos de conhecimento diversos dos das ciências exatas.","Os temas do programa serão estudados a partir de uma disciplina que é matéria-prima e origem primordial das Humanidades e Ciências Sociais: a História. Nas aulas expositivas e seminários de leitura de textos, apresentaremos um quadro histórico das idéias, monstrando como mudanças tecnológicas influem nas transformações sociais e vice-versa. Tecnolgia e Humanidades não são entidades separadas, mas complementares na origem (techné = arte) - e ambas influenciam o desenvolvimento das artes. Aspectos principaisEVOLUÇÃO HISTÓRICA DO PENSAMENTO E AS RELAÇÕES ENTRE ARTE, CIÊNCIA E TÉCNICA.Panorama da evolução do conhecimento na Antiguidade, Idade Média, Renascença/Barroco, Absolutismo, Século das Luzes (século XVIII).O LONGO SÉCULO XIX (1792-1917)Rupturas e conseqüências da Era das Revoluções, a REolução Industrial e os 100 anos de hegemonia européia - A primeira globalização econômica - As contradições do progresso - Neoclassicismo, Romantismo e o advento das vanguardas.O CURTO SÉCULO XX (1917-1992) O Choque do Novo: Velhas Revoluções, Nova Ordem - Ruptura geral de paradigmas e valores - As guerras mundiais - O fim dos imperíos coloniais - O século americano - O desafio alemão - Revolução e desilusão: 75 anos de URSS - Casos da China, Japão, Índia e tigres asiáticos - A supremacia da cultura pop 0 O Movimento Moderno - Pós Modernismo e Pós-Estruturalismo.TRANSIÇÃO SÉCULOS XX-XXIGlobalização econômica e cultural - A tripla revolução: PC, Internet e telefone celular - A hegemonia técnica do Ocidente - O novo mapa dos conflitos pós-Guerra Fria - O novo fundamentalismo - A Questão Ambiental - Capital, Estado e meio-ambiente - Cultura pop: o fim da intimidade - A Cultura do Espetáculo: consumo do descartável."
Laboratório de Introdução à Ciência da Computação II,SCC0220,Disciplinas Optativas Eletivas,2º Semestre Ideal,,Implementar e experimentar em laboratório as técnicas e os algoritmos introduzidos aos alunos nas disciplinas de programação cursadas em conjunto. Preparar o aluno para registro de medidas em algoritmos para confecção de relatórios sobre experimentos realizados com os algoritmos implementados e para resolução de problemas de programação.,"Preparação de relatórios sobre experimentos realizados com algoritmos. Implementação e experimentação em laboratórios dos algoritmos e das estruturas de dados introduzidos nas disciplinas cursadas em conjunto. Resolução de problemas que façam uso das técnicas para construção de algoritmos, dos algoritmos clássicos de busca e de ordenação, e das estruturas de dados clássicas."
Prática em Organização de Computadores,SSC0119,Disciplinas Optativas Eletivas,3º Semestre Ideal,,"Desenvolver projetos práticos nas áreas de arquiteturas básicas de processadores, de microcomputadores e de linguagens de máquina em laboratório.","Aulas práticas abordando o projeto de implementação de uma CPU em linguagem de descrição de hardware, incluindo uma unidade de controle em máquinas de estado finito, e outros componentes básicos de uma CPU, como a unidade lógica e aritmética e um banco de registradores. Será abordado também o desenvolvimento de software em linguagem de máquina, incluindo macro instruções e micro instruções, barramentos e entrada e saída de dados."
Metodologia de Pesquisa em Computação,SCC0213,Disciplinas Optativas Eletivas,4º Semestre Ideal,,Este curso tem por objetivo introduzir os alunos no domínio de elementos básicos da pesquisa científica possibilitando-lhes condições de desenvolver projetos acadêmicos de estudo na área de computação.,"Projeto de pesquisa acadêmica: estrutura, escolha do tema/tese, estabelecimento dos objetivos, formulação do problema, construção de hipóteses, classificação de pesquisa. Panorama da pesquisa em computação. Escrita científica: técnicas e ferramentas. Revisão sistemática de Pesquisa. Experimentação com análise estatística de dados : o teste de hipótese; Correlação e Regressão; aferição da qualidade de classificações (precisão/revocação e curvas ROC). Uso de ferramentas como R e Pandas (python). Estatística Descritiva e Visualização Gráfica.
Atividades de Extensão: O método científico carece de maior divulgação, será muito benéfico que os alunos apresentem amplamente seus trabalhos, explicando o papel da ciência e potenciais de avanço, e o que é fazer ciência segundo o método científico.
Carga Horária: 10 horas."
Seminários em Computação I,SCC0227,Disciplinas Optativas Eletivas,4º Semestre Ideal,SCC0228,O objetivo principal desta disciplina é que o aluno crie o costume de participar de atividades extracurriculares que são de grande importância para sua formação e que ao mesmo tempo adquira conhecimentos e visões adicionais de diferentes áreas da computação,Apresentação de seminários e tutoriais sobre diferentes assuntos dentro da área de computação
Atividades Acadêmicas de Extensão I,SCC0295,Disciplinas Optativas Eletivas,4º Semestre Ideal,,"Estimular a proatividade dos alunos, incentivando-os a desempenhar atividades de extensão que possam ser incorporadas em seu currículo.","1. Organização e/ou promoção de cursos de difusão, atualização e outros; 
2. Eventos: organização e/ou promoção de congressos, seminários, mesas-redondas, semanas acadêmicas, simpósios, encontros, jornadas, palestras, conferências; 
3. Desenvolvimento de software livre; 
4. Desenvolvimento de projetos que possam beneficiar a comunidade externa; 
5. Outras atividades regulamentadas, a critério do docente responsável."
Laboratório de Algoritmos Avançados I,SCC0210,Disciplinas Optativas Eletivas,5º Semestre Ideal,SCC0211,"Resolucao de exercícios, buscando revisar/aprimorar habilidade no desenvolvimento rápido de algoritmos avançados, desenvolver o trabalho em grupo e assimilar dinâmica e formato de olimpiadas de Computação","Algoritmos avançados com foco no paradigma de construção de algoritmos e com tratamento baseado na resolução de problemas: estrutura de dados; árvores e grafos; strings (processamento); aritmética e álgebra; combinatória; teoria dos números; sorting, algoritmos gulosos.
Atividades de extensão: Confecção de material para publicação na web.
Carga horária: 10 horas."
Seminários em Computação II,SCC0228,Disciplinas Optativas Eletivas,5º Semestre Ideal,SCC0229,O objetivo principal desta disciplina é que o aluno crie o hábito de participar de atividades extracurriculares que são de grande importância para sua formação e que ao mesmo tempo adquira conhecimentos e visões adicionais de diferentes áreas da computação.,Apresentação de seminários e tutoriais sobre diferentes assuntos dentro da área de computação
Atividades Acadêmicas de Extensão II,SCC0296,Disciplinas Optativas Eletivas,5º Semestre Ideal,,"Estimular a proatividade dos alunos, incentivando-os a desempenhar atividades de extensão que possam ser incorporadas em seu currículo.","1. Organização e/ou promoção de cursos de difusão, atualização e outros; 
2. Eventos: organização e/ou promoção de congressos, seminários, mesas-redondas, semanas acadêmicas, simpósios, encontros, jornadas, palestras, conferências; 
3. Desenvolvimento de software livre; 
4. Desenvolvimento de projetos que possam beneficiar a comunidade externa; 
5. Outras atividades regulamentadas, a critério do docente responsável."
Sistemas Open Source,SSC0953,Disciplinas Optativas Eletivas,5º Semestre Ideal,,"Introduzir o aluno aos fundamentos do paradigma Open Source, desenvolver competências para atuar em
projetos, desenvolvimento e implantação de sistemas computacionais abertos, incluindo aspectos técnicos,
metodológicos, legais, gerenciais e estratégicos presentes em desafios do mundo real.","Fundamentos conceituais: introdução ao paradigma open source, evolução histórica, estado da arte, estudos de caso. Tecnologias e metodologias: recursos e ferramentas de desenvolvimento aberto e distribuído, sistemas controle de versões (ex Git), automação de projetos e compilação (ex. make, autotools), política de lançamentos e distribuição. Gestão de projetos: requisitos para desenvolvimento aberto e colaborativo, formação de comunidades de desenvolvedores, gestão de contribuições, fatores humanos.  Aspectos legais: noções essenciais em propriedade intelectual, direitos autorais, licenças de tecnologia, requisitos e implicações éticas, legais e econômicas na seleção de licenças de distribuição. Modelos de negócios: Open Source como estratégia de inovação, modelos de financiamento e de negócios, projetos comerciais e empreendedorismo."
Laboratório de Algoritmos Avançados II,SCC0211,Disciplinas Optativas Eletivas,6º Semestre Ideal,,Implementar em laboratório as técnicas de programação apresentadas em Algoritmos Avançados para consolidação da teoria estudada.,"Algoritmos avançados com foco no paradigma de construção de algoritmos e com tratamento baseado na resolução de problemas: backtracking, dividir para conquistar, diminuir para conquistar, transformar para conquistar, programação dinânica, fluxos em grafos, strings (matching), geometria e geometria computacional.
Atividades de extensão: Confecção de material para publicação na web.
Carga Horária: 10 horas."
Seminários em Computação III,SCC0229,Disciplinas Optativas Eletivas,6º Semestre Ideal,,O objetivo principal desta disciplina é que o aluno crie o costume de participar de atividades extracurriculares que são de grande importância para sua formação e que ao mesmo tempo adquira conhecimentos e visões adicionais de diferentes áreas da computação.,Apresentação de seminários e tutoriais sobre diferentes assuntos dentro da área de computação
Banco de dados NoSQL e arcabouços distribuídos de processamento,SCC0247,Disciplinas Optativas Eletivas,6º Semestre Ideal,,"Introduzir os conceitos, técnicas e ferramentas da gerência e análise de dados em larga escala, voltados a
aplicações comerciais para as quais o paradigma relacional de bases de dados não provê o suporte necessário.
O curso visa prover teoria e prática a fim de que os alunos possam aplicar as técnicas e ferramentas NoSQL.","Teoria e prática em bases de dados NoSQL; Teorema CAP (Consistência, Disponibilidade, Particionamento);
dados em larga escala e computação em nuvem; modelos de armazenamento: por linha, por coluna, e
compressão de dados. Bases de dados orientadas a grafos; bases de dados estruturados em chave-valor;
bases de dados temporais; representação de dados textuais e semiestruturados; JSON, JSONB e XML. Modelo de programação MapReduce e o arcabouço Hadoop; arcabouço Spark com aplicações em Ciência de Dados."
Introdução ao Desenvolvimento de Jogos Eletrônicos,SSC0770,Disciplinas Optativas Eletivas,6º Semestre Ideal,,"Introduzir ao aluno os problemas e soluções computacionais no domínio de jogos eletrônicos, por meio de aulas, seminários e práticas em laboratório.  Familiarizar o aluno com os desafios tecnológicos e metodológicos do desenvolvimento de jogos eletrônicos. Aplicar conhecimento teórico e prático transdisciplinar de diferentes áreas do conhecimento. Capacitar o aluno em conceitos e técnicas essenciais ao desenvolvimento de aplicações de jogos eletrônicos em aplicações de entretenimento, científicas, terapêuticas e educacionais.","Introdução a jogos eletrônicos, histórico, evolução, sistemática, tipos de jogos e mercado atual. Estudo de metodologias, desenvolvimento e documentação de um projeto de jogo. Características de software e hardware, tecnologias e ferramentas. Conceitos de arquitetura, motor de jogo e seus componentes: motor físico, renderizador gráfico, animação, áudio e linguagem de extensão. Técnicas de inteligência artificial para jogos, manipulação de multimídia e recursos. Estruturas de dados e elementos típicos de jogos, conceito de cena e mundo. Simulação de tempo real: controle de entrada, colisão física e computação gráfica."
Infraestrutura para Computação de Alto Desempenho e Sistemas Distribuídos,SSC0954,Disciplinas Optativas Eletivas,6º Semestre Ideal,,"Desenvolver nos alunos habilidades e competências para criação e manutenção de uma infraestrutura básica para computação distribuída/paralela, aplicando na prática conceitos de arquitetura de computadores, sistemas operacionais, redes de computadores, computação de alto desempenho e sistemas distribuídos.","A importância da infraestrutura para computação distribuída: contexto, motivação e conceitos essenciais;
Estudos de caso de plataformas para computação de alto desempenho
Visitas a centros de computação que hospedam tais infraestruturas: contato real com profissionais e equipamentos utilizados na atualidade;
Projeto e configuração de uma infraestrutura distribuída: construção de uma infraestrutura básica para computação distribuída, envolvendo aspectos de hardware e software, principalmente os estudados pelos alunos em arquitetura de computadores, sistemas operacionais, redes de computadores, computação de alto desempenho e sistemas distribuídos;
Execução de aplicações paralelas e distribuídas na infraestrutura distribuída;
Avaliação de desempenho de infraestruturas computacionais distribuídas: métricas e metodologias.

Atividades de extensão: Disponibilização de material didático em diversos formatos (REAs, Vídeos, Tutoriais), Montagem de infraestrutura computacional incluindo servidores, switches, roteadores, firewalls, storages, rack para processamento paralelo e distribuído, tanto em ambientes somente com CPUs, quanto com GPUs (placas gráficas). A carga horária corresponde a 15 horas."
Empreendedores em Informática,SCC0209,Disciplinas Optativas Eletivas,7º Semestre Ideal,,"Desenvolver a capacidade empreendedora dos alunos, estimulando e dando ferramentas àqueles cuja vocação profissional estiver direcionada à criação de um empreendimento em informática.","Parte I - Desenvolvimento da capacidade empreendedora na área de Computação, com ênfase na análise do negócio de Informática, perfil do empreendedor, sistema de gerenciamento, técnicas de negociação, planejamento estratégico e administração estratégica, qualidade e competitividade
Parte II - Construção de Plano de Negócios relacionado com Computação.
Atividades de Extensão: Projetos práticos em tópicos de interesse para a sociedade. Carga horária extensão: 10 horas."
Laboratório de Bases de Dados,SCC0241,Disciplinas Optativas Eletivas,7º Semestre Ideal,,Desenvolvimento de aplicações práticas utilizando Sistemas Gerenciadores de Bases de Dados relacionais e ferramentas de apoio. Consolidação da teoria desenvolvida na disciplina SCC0240 Bases de Dados.,"Linguagem SQL: comandos de definição de dados e de manipulação de dados. Integridade e segurança em bases de dados: conceitos e comandos SQL. Comandos analíticos em SQL. Visões, gatilhos (triggers) e procedimentos armazenados (stored procedures). Acesso multiusuário em bases de dados. Projeto de sistemas usando a tecnologia cliente/servidor em bases de dados."
Arquitetura de Sistemas Gerenciadores de Bases de Dados,SCC0243,Disciplinas Optativas Eletivas,7º Semestre Ideal,,"Objetivo: Fornecer conceitos, técnicas e características mais avançadas dos Sistemas Gerenciadores de Bases de Dados, complementando o conteúdo ministrado nas disciplinas básicas de bases de dados. Oferecer o conhecimento necessário ao profissional que se envolva em atividade de administração e gerenciamento de bases de dados.","Programa: Introdução aos conceitos e à teoria do processamento de transações. Técnicas de controle de concorrência: protocolo de bloqueio em duas fases e outras técnicas existentes. Técnicas de recuperação de falhas: algoritmo undo/redo. Algoritmos para processamento e otimização de consultas. Bases de dados distribuídas: conceitos, fragmentação, replicação e técnicas de alocação de dados, tipos de sistemas, processamento de consultas e controle de concorrência e de recuperação. Ajuste fino de desempenho: conceitos, projeto físico de bases de dados, estruturas de indexação de arquivos."
Processamento Analítico de Dados,SCC0245,Disciplinas Optativas Eletivas,7º Semestre Ideal,,"Apresentar conceitos, técnicas e ferramentas relevantes na área de processamento analítico de dados.","Introdução aos conceitos de processamento analítico dos dados: definição de data warehouse, data warehousing e OLAP (on-line analytical processing), diferenças entre o processamento analítico e o processamento transacional, características e organização dos dados do data warehouse, arquitetura do ambiente de data warehousing. Modelagem multidimensional dos dados: aspectos estáticos e dinâmicos. Representação do modelo de dados multidimensional em estruturas relacionais. Exemplos práticos de modelagem multidimensional dos dados. Visões materializadas: conceito, identificação de quais visões materializar, atualização e uso em consultas OLAP. Ferramentas de data warehousing.
Atividades de Extensão: Trabalhos práticos em tópicos de interesse da sociedade.
Carga horária: 60 horas."
Processamento de Imagens,SCC0251,Disciplinas Optativas Eletivas,7º Semestre Ideal,,"Fornecer ao aluno os subsídios necessários para a manipulação de imagens via computador, indicando as áreas de aplicação e as principais técnicas utilizadas.","Origem e Objetivos do processamento de imagens. Fundamentos de visão computacional e seu relacionamento com a visão humana. Dispositivos e formas de aquisição de imagens. Amostragem e Quantização. Sistemas de cores. Técnicas de modificação de escala de cinza. Suavização. Aguçamento de bordas. Transformada no domínio da frequência: Fourier. Restauração de imagens. Segmentação de imagens. Extração de características e noções de descrição e representação. Reconhecimento de padrões visuais.
Atividades de extensão: 
Materiais sobre métodos de processamento, edição e filtragem de imagens podem ser direcionados do ponto de vista de explicar como funcionam, ou então do ponto de vista ético e de seu uso disseminado em computação móvel e redes sociais.
Carga horária: 10 horas."
Interação Humano-Computador e Experiência do Usuário,SCC0260,Disciplinas Optativas Eletivas,7º Semestre Ideal,,Apresentar ao aluno conceitos fundamentais da interação entre o humano e o computador. Capacitar o aluno a discutir os tópicos envolvidos em áreas atuais de pesquisa. Dar ao aluno experiência no design e na avaliação de interfaces.,"Introdução aos conceitos fundamentais da interação entre o humano e o computador. Gerações de interfaces e dos dispositivos de interação. Princípios de projeto. Psicologia Experimental e Cognitiva Aplicada. Engenharia Cognitiva e Engenharia Semiótica. Design contextual, baseado em cenários e centrado na comunicação. Design Thinking. Métodos Ágeis e IHC. Técnicas para levantamento de requisitos. Aspectos humanos. Aspectos tecnológicos. Técnicas de prototipação. Ciclo de vida da engenharia de usabilidade. Princípios e heurísticas para usabilidade e acessibilidade. Métodos para avaliação da usabilidade e acessibilidade. Sistemas adaptáveis e sistemas adaptativos. Padrões e diretivas para o design de interfaces. Desenvolvimento de um projeto envolvendo a construção e a avaliação de interfaces, com bons requisitos de UX/UI.
Atividades de Extensão: Os estudantes podem fazer um projeto Web ou Mobile projetando de forma guiada a implementação de recursos para atender aos requisitos de usabilidade e acessibilidade nas interfaces (requisitos de qualidade de software). No projeto prático da disciplina, os alunos podem pensar soluções de design que atendam ONGs, escolas e instituições da cidade. A etapa de design dessas soluções pode ser feita em parceria com essas instituições e ao fim, os projetos front-end podem ser entregues às instituições. Também é possível que os alunos ministrem cursos e palestras sobre as boas práticas aprendidas na disciplina para funcionários de empresas, ou ainda preparem e disponibilizem material online para outros alunos e profissionais da área.
Carga horária: 10 horas."
Multimídia,SCC0261,Disciplinas Optativas Eletivas,7º Semestre Ideal,,Introdução aos conceitos de multimídia e investigação dos problemas envolvidos com o suporte computacional a dados de mídia e de aplicações multimídia.,"Tipos de dados de mídia: texto, imagem, gráficos, áudio, vídeo, animações. Padrões. Processamento de dados de mídia: captura, armazenamento, compressão, transmissão. Aplicações multimídia."
Redes Neurais e Aprendizado Profundo,SCC0270,Disciplinas Optativas Eletivas,7º Semestre Ideal,,"Apresentar ao aluno os conceitos básicos de Redes Neurais Artificiais e os principais modelos existentes. Analisar o comportamento destes modelos, suas capacidades fundamentais e limitações, possibilitando a utilização destas técnicas na resolução de problemas práticos.","Definição de modelos conexionistas. 
Aprendizado em modelos conexionistas: aprendizado supervisionado, não-supervisionado, competitivo. 
Arquiteturas básicas: Perceptron, Adaline, Perceptron Multi-Camadas, Redes RBF. 
Aprendizado profundo: arquiteturas convolucionais (CNN), encoder-decoder, redes adversárias, transfer learning, redes recorrentes e modelos de atenção. 
Sistemas de auto-organização: PCA, LDA e rede de Kohonen. Memórias Associativas: Redes de Hopfield. Aplicações.
Atividades de Extensão: Os estudantes podem realizar projetos em grupo para conscientização da população sobre algoritmos baseados em Redes Neurais profundas e seus impactos no uso da tecnologia do dia-a-dia, incluindo sistemas de recomendação de feeds em redes sociais, propagandas e vídeos. Há vários temas que podem ser vistos sob esta ótica. A realização de cursos para a sociedade, palestras e produção de conteúdo são possibilidades.
Carga Horária: 10 horas."
Aprendizado de Máquina,SCC0276,Disciplinas Optativas Eletivas,7º Semestre Ideal,,"Apresentar os aspectos fundamentais e principais algoritmos de aprendizado de máquina, que investiga técnicas para desenvolver algoritmos capazes de aprender, ou melhorar seu desempenho, utilizando exemplos de situações previamente observadas. Serão investigados algoritmos que seguem diferentes paradigmas, incluindo algoritmos baseados em procura (algoritmos de indução de arvores de decisão e de conjuntos de regras, redes neurais artificiais (perceptron e multilayer perceptron), modelos probabilísticos (regressão logística e naive Bayes) e algoritmos baseados em distancia. Além do estudo dos algoritmos de aprendizado baseados em diferentes paradigmas, será estudada a realização experimentos com desses algoritmos para entender  como eles induzem conhecimento utilizando aplicações reais.","Aspectos básicos de Aprendizado de Máquina. Tarefas e Paradigmas de Aprendizado. Indução de Hipóteses e Viés Indutivo. Pré-processamento de dados (amostragem, dados desbalanceados, limpeza, transformação e redução de dimensionalidade). Modelos Preditivos: métodos baseados em distâncias (k-NN), métodos probabilísticos (Naive Bayes e Regressão Logística), métodos baseados em procura (Indução de Árvores de Decisão e Regressão e de Conjuntos de Regras), métodos baseados em otimização (Redes Neurais Artificiais e Máquinas de Vetores de Suporte) e medidas de avaliação para modelos preditivos. Modelos Descritivos: regras de associação, análise de agrupamentos e medidas de avaliação para modelos descritivos. Aplicações de Aprendizado de Máquina.
Atividades de Extensão:
Os estudantes podem realizar projetos em grupo para conscientização da população sobre algoritmos baseados em Aprendizado de Máquina e seus impactos no uso da tecnologia do dia-a-dia, incluindo sistemas de risco (bancário, crédito, seguro), entre outros. Há vários temas que podem ser vistos sob esta ótica. A realização de cursos para a sociedade, palestras e produção de conteúdo são candidatos.
Carga Horária: 10 horas."
Recuperação da Informação,SCC0282,Disciplinas Optativas Eletivas,7º Semestre Ideal,,"Apresentar os fundamentos da recuperação de informação, abordando questões relevantes à arquiteturas, dados e informação, análise de conteúdo, busca textual, indexação, processamento de texto e avaliação de sistemas de recuperação. Analisar e desenvolver ferramentas e aplicações, como as presentes em sistemas atuais, aplicando a teoria de modo prático.","Histórico e terminologia. Caracterização do problema da recuperação: o problema de Recuperação de Informação; o sistema de Recuperação de Informação, a Web. O processo de recuperação. Modelos de recuperação: modelagem e ranking, o modelo clássico, modelos alternativos. Avaliação de sistemas de recuperação textual: métricas, coleções de referência, avaliação baseada em usuários. Indexação e busca textual. Processamento e agrupamento de documentos. Busca na web.
Atividades de Extensão:
Os estudantes podem realizar projetos em grupo para conscientização da população sobre algoritmos de recuperação de informação e seus impactos no uso da tecnologia do dia-a-dia, incluindo motores de busca, indexação textual, sistemas de recomendação em redes sociais, propagandas e anúncios. Há vários temas que podem ser vistos sob esta ótica. A realização de cursos para a sociedade, palestras e produção de conteúdo são candidatos.
Carga horária: 10 horas."
Sistemas de Recomendação,SCC0284,Disciplinas Optativas Eletivas,7º Semestre Ideal,,"Apresentar os fundamentos de sistemas de recomendação, abordando questões relevantes a arquiteturas, dados e informação, análise de conteúdo, técnicas e avaliação de sistemas de recomendação. Analisar e desenvolver ferramentas e aplicações, como as presentes em sistemas atuais, aplicando a teoria de modo prático.","Histórico e terminologia. Conceitos básicos: avaliações, predições, recomendações e taxonomia. Recomendação colaborativa: baseada em memória e baseada em modelos. Recomendação baseada em conteúdo: representação, baseada em similaridade e em classificação. Recomendação baseada em conhecimento: representação, inferência, baseada em restrições e exemplos, mecanismos de interação. Recomendação híbrida: estratégias e conceitos. Avaliação de recomendadores: métricas de avaliação, avaliação offline e online, projeto experimental e modelos de decisão. Tópicos avançados: segurança e privacidade, interpretabilidade, diversidade e novidade, socialização e ubiquidade.
Atividades de Extensão:
Os estudantes podem realizar projetos em grupo para conscientização da população sobre algoritmos de sistemas de recomendação e seus impactos no uso da tecnologia do dia-a-dia, incluindo recomendação de vídeos, texto, notícias, propagandas e anúncios em diferentes contextos. Há vários temas que podem ser vistos sob esta ótica. A realização de cursos para a sociedade, palestras e produção de conteúdo são candidatos.
Carga horária: 10 horas."
Processamento de Linguagem Natural,SCC0633,Disciplinas Optativas Eletivas,7º Semestre Ideal,,"Introduzir o aluno às técnicas, teorias e modelos utilizados em Processamento de Línguas Naturais, tornando-o apto a desenvolver recursos, ferramentas e aplicações computacionais que envolvam a língua humana, assim como a desenvolver pesquisa na área.","Visão geral da área de Processamento de Línguas Naturais (PLN) e sua relação com as áreas de Computação e Linguística. História da área e seus principais marcos. Níveis de representação e processamento linguístico: fonética e fonologia, morfologia, sintaxe, semântica, discurso e pragmática. Familiarização e prática com recursos, ferramentas e aplicações de PLN.
Abordagens e paradigmas para a resolução de problemas de PLN. Construção e anotação de córpus. Prática de projeto e desenvolvimento de um protótipo computacional de PLN.
Apresentação de tópicos relevantes atuais de PLN, assim como modelos e métodos associados.

Atividades de extensão: Alguns projetos práticos poderiam ser voltados para aplicações em tópicos de interesse para a sociedade, como desenvolvimento de modelos de detecção de fake news e de análise de sentimentos da população sobre determinados assuntos nas redes sociais (usando, por exemplo, dados disponíveis publicamente em repositórios como Kaggle e em portais científicos com conjuntos de dados).
A carga horária de atividades de extensão corresponde à 10 horas."
Tópicos Avançados em Ciências de Computação I,SCC0910,Disciplinas Optativas Eletivas,7º Semestre Ideal,,"Apresentar aos alunos ideias mais avançadas de tópicos em Ciências de Computação, incluindo teoria e prática.",Apresentação da motivação para escolha do tema da disciplina. Implicações no universo da Ciência de Computação. Teoria que fundamenta o tema e suas ramificações. Exemplos de aplicação. Trabalho teórico e/ou prático.
Redes Complexas,SME0130,Disciplinas Optativas Eletivas,7º Semestre Ideal,,"Introduzir os conceitos básicos da teoria das redes complexas com a apresentação das ferramentas fundamentais para a representação, modelagem e caracterização e classificação de redes complexas. Os conceitos serão aplicados na análise da Internet, da World Wide Web, da linguagem, da sociedade, de cadeias alimentares, das interações celulares e de malhas rodoviárias.","Introdução e motivação. Representação de redes complexas. Medidas para caracterização topológica de redes complexas: grau, coeficiente de aglomeração, número de ciclos, comprimento dos menores caminhos, motivos, medidas de centralidade, medidas espectrais, medidas hierárquicas, medidas fractais, estrutura de comunidades. Modelos e Algoritmos de Geração de Redes Complexas: grafos aleatórios, modelo small world, redes livre de escala, redes com estrutura hierárquica, modelo de configuração. Redes ponderadas. Redes espaciais. Métodos de detecção de comunidades. Processos dinâmicos em redes complexas: caminhadas aleatórias, falhas e ataques, falhas em cascata, comunicação e congestionamento, propagação de epidemias, propagação de opiniões, sincronização e dinâmica coletiva. Otimização em redes complexas: otimização de fluxo em redes e robustez. Busca em redes e navegação. Função Geradora. Algoritmos: page-rank, grau de intermediação, detecção de comunidades, sincronização, falhas em cascata, caminhadas aleatórias. Aplicações: redes sociais, Internet,world Wide Web, Bioinformática, cérebro, malhas rodoviárias, linguagem, processamento de imagens, reconhecimento de padrões. Classificação de redes complexas."
Estatística Computacional,SME0806,Disciplinas Optativas Eletivas,7º Semestre Ideal,,Estudar técnicas computacionais utilizadas na solução de problemas de Estatística.,"1. Medidas robustas de locação e dispersão. 2. Geração de números pseudo-aleatórios e aplicações. 3. Métodos de reamostragem: ""bootstrap"" e ""jacknife"". 4. Otimização numérica: métodos de Newton-Raphson, escore de Fisher e quase-Newton. 5. O algoritmo EM. 6. Métodos de Monte Carlo com cadeias de Markov: o amostrador de Gibbs e o algoritmo de Metropolis-Hastings. 7. Noções de regressão robusta."
Prática em Sistemas Operacionais,SSC0141,Disciplinas Optativas Eletivas,7º Semestre Ideal,,Exercitar os conceitos básicos abordados em Sistemas Operacionais I e introduzir o aluno aos aspectos técnicos e de implementação relativos à teoria estudada na disciplina anterior.,"Revisão de conceitos básicos em sistemas operacionais. Estudo de caso de padrões de indústria (POSIX IEEE 1003, ISO/IEC 945) e de sistemas operacioanais reais. Práticas de projeto e implementação envolvendo acesso e programação de recursos de sistemas operacionais modernos: execução de , manipulação de entrada-saída, controle de terminal, gerenciamento de tarefas, threads, mecanismos de sincronização, sistemas de arquivo."
Tópicos Especiais em Sistemas de Computação I,SSC0147,Disciplinas Optativas Eletivas,7º Semestre Ideal,,Atualização do estudante em tópicos atuais da área de Sistemas de Computação.,"Tópicos selecionados em Sistemas de Computação de acordo com a evolução registrada na área, bem como os projetos de pesquisa em andamento no Departamento de Sistemas de Computação."
Seminários Avançados em Sistemas Distribuídos e Programação Concorrente I,SSC0154,Disciplinas Optativas Eletivas,7º Semestre Ideal,,"Fornecer ao aluno conceitos avançados em Sistemas Distribuídos e Programação Concorrente, permitindo que ele conheça algumas das principais pesquisas em desenvolvimento nos principais centros de pesquisa nacionais e internacionais. Tem também por objetivo motivar a Iniciação Científica e fortalecer a ligação da graduação com a pós-graduação do departamento, incentivando alunos de graduação a participarem da trilha.","Tópicos selecionados em Sistemas Distribuídos, Programação Concorrente, Estudo das Arquiteturas de Computadores e suas Implementações, Avaliação de Desempenho ou Rede de Computadores de acordo com a evolução registrada na área, bem como os projetos de pesquisa relevantes na área de Sistemas Distribuídos e Programação Concorrente."
Computação em Nuvem e Arquitetura Orientadas a Serviços,SSC0158,Disciplinas Optativas Eletivas,7º Semestre Ideal,,"Ensinar aos alunos aspectos teóricos e práticos do desenvolvimento de aplicações distribuídas segundo o modelo de computação em nuvem, focando aspectos de virtualização, arquiteturas orientadas a serviços, escalonamento e interfaces de programação para computação em nuvem.","Escopo da computação em nuvem e arquiteturas orientadas a serviços: Contexto, motivação, objetivos, conceitos e recursos necessários.
Definições para Computação em Nuvem:  Abordagem geral de computação em nuvem e sua aplicabilidade para o desenvolvimento de aplicações distribuídas. Vertentes de computação em nuvem: software, plataforma, infraestrutura como serviços, entre outras.
Definições para Arquiteturas Orientadas a Serviços  SOA e Web Services: Introdução ao modelo arquitetural, instalação, configuração e desenvolvimento de aplicações orientadas a serviços. Implantação de aplicações na nuvem.
Princípios Gerais e tipos de Virtualização: Introdução, características e tipos de virtualizadores, vantagens e desvantagens.
Gerenciamento de Recursos na Nuvem: Desafios e soluções que envolvem o escalonamento, provisionamento e migração de recursos na nuvem.
Desenvolvimento e avaliação de desempenho de aplicações distribuídas na nuvem: Ferramentas, modelos e técnicas que permitem o desenvolvimento de aplicações na nuvem. Avaliação de desempenho em um ambiente de nuvem.

Atividades de extensão: Desenvolvimento de modelos de aplicações de Cloud Computing e projetos de softwares para a sociedade segundo o paradigma de computação em nuvem com infraestrutura, plataforma e software como serviço em qualquer ambiente (público ou privado). A carga horária corresponde a 30 horas."
Modelagem e Simulação de Sistemas Computacionais,SSC0160,Disciplinas Optativas Eletivas,7º Semestre Ideal,,"O objetivo do curso é introduzir aos alunos os conceitos fundamentais de modelagem e simulação como uma ferramenta para a resolução de problemas na ciência em geral, e na área de ciência da computação em específico.","Modelagem: definições, tipos de modelos, vantagens e desvantagens;
Modelos estocásticos: geração de variáveis uniformemente distribuídas e estatisticamente dependentes, processo de Poisson, modelos elementares de filas, redes de filas;
Simulação:  tipos de simulação, simulação de sistemas de eventos discretos, desenvolvimento, validação do modelo, análise dos resultados, modelagem de carga de trabalho;
Planejamento de experimentos: nomenclatura, tipos de planejamento."
Programação de Robôs Móveis,SSC0712,Disciplinas Optativas Eletivas,7º Semestre Ideal,,Introduzir conceitos básicos sobre hardware e software de robôs móveis. Familiarizar o aluno com os sensores e atuadores mais comuns utilizados na robótica móvel. Estudo de arquiteturas e softwares de controle de robôs móveis. Implementação em laboratório de algoritmos de navegação para a solução de problemas clássicos da robótica móvel.,"História e evolução da robótica móvel. Descrição e análise de características dos sensores e atuadores mais utilizados na área de robótica móvel. Estudo das arquiteturas de robôs móveis. Estudo de algoritmos de navegação e de cooperação de robôs móveis. Estudo e utilização da ferramenta Player/Stage para a programação e controle de robôs móveis. Desenvolvimento de projetos em laboratório utilizando simuladores de robôs móveis na solução de problemas.

Atividades de extensão: Disponibilização de material didático. A carga horária corresponde a 10 horas."
Robôs Móveis Autônomos,SSC0714,Disciplinas Optativas Eletivas,7º Semestre Ideal,,"Fornecer o conteúdo teórico-prático básico relativos à Robótica Móvel Autônoma, visando o projeto de sistemas de controle de navegação. Será dada ênfase à implementação de modelos inteligentes de controle. Os alunos irão realizar trabalhos práticos de implementação de algoritmos de controle inteligente de robôs móveis autônomos reais e simulados, em tarefas de navegação, coleta de objetos e planejamento de trajetória.","Visão geral da área de robótica móvel, apresentando um histórico e as técnicas de navegação de robôs móveis mais utilizadas na literatura. Apresentação dos componentes e subsistemas de robôs móveis autônomos, incluindo microprocessadores, sensores e atuadores. Introdução de conceitos de controle de navegação em robôs móveis. Apresentação das principais técnicas para obtenção de autonomia, inteligência e adaptabilidade. Aplicações em tarefas de exploração, navegação, coleta de objetos e planejamento de trajetória. Introdução a algoritmos de controle inteligentes aplicados à robótica móvel."
Sistemas Colaborativos: Fundamentos e Aplicações,SSC0723,Disciplinas Optativas Eletivas,7º Semestre Ideal,,"Oferecer os fundamentos para o desenvolvimento e a aplicação de sistemas colaborativos. Ao final da disciplina o aluno deverá ser capaz de analisar e desenvolver sistemas colaborativos utilizando o estado da arte da tecnologia vigente. Além disto deverá ser capaz de aplicar os conceitos de sistemas colaborativos em diferentes situações e implantar soluções que viabilizem o trabalho em grupo. Espera-se também que o aluno trabalhe as habilidades de especificar, prototipar, analisar, projetar, implementar, testar e avaliar sistemas colaborativos em situações reais de uso. O aluno também deve ser capaz de realizar pesquisas científicas dentro desta temática.","Fundamentos sobre Sistemas Colaborativos (Groupware, CSCW, teorias e modelos de colaboração). Desenvolvimento de sistemas colaborativos. Aplicação de Sistemas Colaborativos em ambientes organizacionais (sociedade, empresas, escolas, etc). Colaboração em processos de negócio. Gestão de conhecimento e memória de grupo. Formação de grupos. Folksonomia. Integração hardware-software na construção de sistemas colaborativos. Colaboração na computação móvel. Sistemas colaborativos aplicados à Educação (CSCL). Sistemas colaborativos aplicados ao desenvolvimento de software. Avaliação de sistemas colaborativos. Inteligência Artificial para Sistemas Colaborativos. Metodologia de pesquisa científica em Sistemas Colaborativos."
Arquitetura de Software,SSC0725,Disciplinas Optativas Eletivas,7º Semestre Ideal,,"Oferecer aos alunos uma visão abrangente de arquitetura de software, com especial atenção aos processos para a construção, bem como métodos e técnicas para a representação e avaliação de arquiteturas de software. Discutir o impacto de arquitetura de software para a qualidade de sistemas de software. Oferecer uma visão e relevância do uso de ferramentas de apoio à construção, representação e avaliação de arquiteturas. Discutir as tendências futuras de pesquisa na área de Arquitetura de Software.","Visão geral de arquiteturas de software: definições, objetivos e relevância. Processo para a construção de arquitetura de software. Métodos e técnicas para a representação de arquiteturas de software, incluindo-se visão arquiteturais e linguagens de descrição arquitetural. Métodos para a avaliação de arquiteturas de software. Ferramenta de suporte à construção, representação e avaliação de arquiteturas de software. Arquitetura de software na indústria de software. Perspectivas de pesquisa em arquitetura de software."
Sistemas Embarcados,SSC0740,Disciplinas Optativas Eletivas,7º Semestre Ideal,SSC0741,"Introduzir os Sistemas Embarcados e as suas áreas de aplicação. Integração entre sistemas de comunicação, multimídia e processamento incluindo dados em RF (radio freqüência) que continuam a expandir a complexidade dos sistemas embarcados, destacando exemplos existentes. Conceituar Sistemas DES (Distributed Embedded System) com grande número de elementos possuindo diferentes funcionalidades sendo considerados nós inteligentes, atuando através de sensores e atuadores, que configuram sistemas cada vez mais complexos e mais necessários às aplicações recentes.","Introdução aos Sistemas Embarcados; Estudo das principais características dos elementos de computação tipo (DSP - Digital Signal Processing, processadores, FPGA e ASICs) voltados para aplicações embarcadas; Levantamento das limitações e capacidades do hardware e software destes elementos para a implementação de sistemas embarcados; Metodologias para comparar os resultados entre as diferentes tecnologias. Redes em sistemas de tempo real, escalonamento de mensagens, considerações sobre comunicação evento/tempo, impacto do meio físico, topologias e controle de acesso ao meio.

Atividades de extensão: Projetos que resolvam problemas fora da USP. A carga horária corresponde a 15 horas."
Projeto e Desenvolvimento de Software de Sistema,SSC0950,Disciplinas Optativas Eletivas,7º Semestre Ideal,,"Introduzir o aluno aos fundamentos do desenvolvimento de software de sistemas, desafios técnicos, metodológicos e estado da arte.","Fundamentos conceituais: introdução ao software de sistema, evolução histórica e estado da arte.  Projeto de software de sistema: projeto e desenvolvimento de sistemas operacionais, bibliotecas de programação estáticas e dinâmicas, compiladores, utilitários de sistema. Programação de software de sistema: ferramentas, depuração, emuladores, testes.  Portabilidade de software: desenvolvimento de software portável, compilação cruzada, porte de bibliotecas e compiladores, requisitos de desempenho e manutenção. Estudo de caso: padrão POSIX, comparações com outros padrões."
Desenvolvimento de Código Otimizado,SSC0951,Disciplinas Optativas Eletivas,7º Semestre Ideal,,"Proporcionar um aprendizado mais aprofundado sobre desenvolvido de código, focando nos requisitos de desempenho, segurança e confiabilidade.","Técnicas de otimização de código: Técnicas independentes do processador, técnicas dependentes do processador, detecção de código quente, profiling: objetivos, metodologias  e ferramentas.
Aceleração de Aplicações: Otimizações Simples; Otimizações na Compilação; Vetorização de Código; Bibliotecas Otimizadas; Otimizações de Acesso a Dados.
Desenvolvimento de código seguro: prevenção de buffer overflow, prevenção por formatação de strings, prevenção por overflow de inteiro.
Desenvolvimento de código confiável: práticas para desenvolvimento de código confiável."
Teste e Inspeção de Software,SSC0959,Disciplinas Optativas Eletivas,7º Semestre Ideal,,"Fornecer uma visão geral da área de Verificação, Validação e Teste de Software (VV&amp;T), com ênfase em estratégias, técnicas e critérios de teste de software e ferramentas associadas que podem ser aplicados na construção de software.","Qualidade de software e VV&amp;T. Terminologia e conceitos básicos de teste. VV&amp;T durante o processo de desenvolvimento de software: Teste de Unidade, de Integração e de Sistemas. Técnicas de teste de software: teste funcional, estrutural e baseado em defeitos. Teste de Regressão. Estratégias de teste de software. Planejamento da atividade de teste de software. Teste baseado em riscos. Inspeção e revisão de software. Automatização da atividade de teste: ferramentas de seleção de geração de dados de teste. Teste de software em novos domínios de software."
Laboratório de desenvolvimento de aplicações para dispositivos móveis,SCC0225,Disciplinas Optativas Eletivas,8º Semestre Ideal,,Fornecer aos alunos  uma visão ampla e prática do desenvolvimento de aplicações para dispositivos móveis.,"Visão histórica de dispositivos móveis e aplicações. Características e arquitetura de dispositivos móveis. Ambientes de desenvolvimento de aplicações e linguagens de programação. Sistemas operacionais para dispositivos móveis.  Aspectos de interação incluindo projeto de interfaces. Recursos de acessibilidade. Desenvolvimento de aplicações nativas. Questões de armazenamento e comunicação. Especificidades de desempenho e segurança. Desenvolvimento de aplicações básicas abrangendo elementos de interação, de armazenamento, e de comunicação. Publicação e distribuição de aplicações móveis. Desenvolvimento de aplicação integrada."
Introdução a Sistemas Inteligentes,SCC0231,Disciplinas Optativas Eletivas,8º Semestre Ideal,,"Fornecer uma visão mais detalhada dos sistemas de Inteligência Artificial, enfatizando técnicas e métodos de aquisição e representação de conhecimento.","Caracterização de Sistemas Inteligentes. Introdução a Sistemas Baseados em Conhecimento. Aprendizado: simbólico, nebuloso, conexionista, genético e probabilístico. Raciocínio baseado em Caso. Sistemas Híbridos. Descobrimento em Base de Dados: Mineração de Dados."
Aplicações de Aprendizado de Máquina e Mineração de Dados,SCC0233,Disciplinas Optativas Eletivas,8º Semestre Ideal,,"Familiarizar os alunos com a aplicação técnicas de Aprendizado de Máquina e Mineração de Dados em problemas reais, utilizando para isso as técnicas e ferramentas vistas em disciplinas relacionadas.",Pré-processamento de dados e construção de modelos utilizando técnicas descritivas e preditivas. Análise de desempenho.
Mineração a partir de Grandes Bases de Dados,SCC0244,Disciplinas Optativas Eletivas,8º Semestre Ideal,,"Apresentar conceitos, técnicas e ferramentas relevantes na área de descoberta de conhecimento em bases de dados e mineração de dados, sob a perspectiva da área de bases de dados, explorando com profundidade os aspectos associados a esta área.","Introdução aos conceitos do processo de descoberta de conhecimento.  Técnicas de preparação de dados. Técnicas de redução de dados. Tarefas e técnicas de mineração de dados: classificação, regressão, detecção de agrupamentos, descoberta de regras de associação, sumarização, modelagem de dependências, detecção de tendências e exceções. Conceitos e técnicas de visualização de dados. Mineração de dados visual. Exemplos de mineração de dados em domínios específicos, tais como: bioinformática, sistemas de informação geográfica, bases de dados de imagens, bases de dados de documentos textuais, bases de dados multimídia, sistemas Web, bases de dados espaço-temporais, sistemas baseados em data streams. Ferramentas de mineração de dados
Atividades de Extensão: Trabalhos práticos em tópicos de interesse da sociedade.
Carga horária: 5 horas."
Visualização Computacional,SCC0252,Disciplinas Optativas Eletivas,8º Semestre Ideal,,"O objetivo desta disciplina é fornecer uma introdução à área de Visualização de Dados e Análise Visual de Dados. Pretende-se abordar o que é Visualização, quais os seus objetivos, introduzir as técnicas clássicas e os tipos e estruturas de dados que podem ser manipulados. Serão apresentadas as técnicas e os diferentes tipos de dados, bem como tarefas típicas de análise, ilustradas em diferentes cenários de aplicação. Buscamos apresentar uma visão geral que reflita a situação atual da área, bem como aplicações e exemplos práticos, bem como estimular a execução de tarefas de análise visual de dados.","Introdução: Visualização, Mineração Visual e Analítica Visual de dados; aplicações em ciência e em atividades profissionais variadas (software, texto, imagem, redes, censos, medicina, biologia, etc como fontes de dados). Visualização em Ciência de Dados e Big Data. Problemas e desafios da visualização. Tipos de dados e organização de dados, pré-processamento de dados. Técnicas de visualização básicas e sua classificação. Visualização de dados espaciais: superfícies e volumes, comparação; dados vetoriais e tensoriais. Visualização de dados abstratos: projeções, ícones, técnicas hierárquicas, visualização de grafos, técnicas de visualização baseadas em pontos, técnicas baseadas em pixel, técnicas baseadas em eixos e em atributos. Tarefas e estratégias de interação em análise visual de dados. Dados de múltiplos tipos, atributos de imagens e de textos; sumarização visual; escalabilidade. Aplicações e avanços recentes, recursos em visualização; visualização na mídia."
Introdução à Geometria Computacional: Algoritmos e Aplicações,SCC0254,Disciplinas Optativas Eletivas,8º Semestre Ideal,,"Apresentar conceitos e métodos básicos de Geometria Computacional, com foco nos algoritmos, estruturas de dados e em aplicações dos métodos em computação gráfica, robótica e programação competitiva. A disciplina deverá abordar como a Geometria Computacional permite modelar problemas de computação gráfica e ainda apresentar aspectos práticos da implementação de algoritmos comumente estudados em competições de programação.","Preliminares: conceitos geométricos, tais como dualidade, modelos computacionais e limitantes inferiores. Triangulação de polígonos: teoria, primitivas geométricas, problemas de galeria de arte, algoritmos, questões de implementação. Fechos Convexos: propriedades e algoritmos. Arranjos: combinatória e arranjos, teorema de zona, algoritmos ""sweep"", seqüências de Davenport-Schinzel. Teoremas de proximidade: triangulação de Voronoi e Delaunay. Métodos Geométricos para localização: localização de pontos em coleções de hipersuperfícies, cascata fracionária. Técnicas de amostragem aleatórias. Visibilidade e problemas de distâncias mínimas. Planejamento do movimento de robôs: somas de Minkowski, Decomposição de Células, Movimento com 2 e 3 graus de liberdade. Problemas de programação competitiva: construção de bibliotecas para manipulação de pontos, linhas, círculos, triângulos e quadriláteros."
Introdução à Bioinformática,SCC0271,Disciplinas Optativas Eletivas,8º Semestre Ideal,,"O aprendizado dos conceitos básicos, principais técnicas, perspectivas futuras e aplicações de Bioinformática.","Biologia molecular, Análise de seqüências, Reconhecimento de genes, Alinhamento de seqüências, Uso de cadeias de Markov em dados biológicos, Variação dentro e entre espécies, Seleção natural em nível molecular, Análise filogenética, Comparação de genomas, Análise de expressão gênica, Identificação de seqüências regulatórias, Aplicações."
Robôs Móveis Inteligentes,SCC0273,Disciplinas Optativas Eletivas,8º Semestre Ideal,,"Introduzir ao aluno conceitos de robótica inteligente, apresentando as principais técnicas de controle inteligente, a eficiência destes métodos quando usados adequadamente, perspectivas futuras e aplicações de Robótica Móvel.","Estudo de algoritmos bio-inspirados, campo potencial e suas modificações, algoritmo Q-learning. Controle de múltiplos móveis com aplicação a futebol de robôs. Time de futebol USPDroids. Interação Homem-máquina. Humanóides: um estudo de caso: robô NAO. Desenvolvimento de projetos em laboratório utilizando simuladores e robôs reais."
Introdução à Ciência de Dados,SCC0275,Disciplinas Optativas Eletivas,8º Semestre Ideal,,Complementar a formação dos alunos de graduação em Computação com interesse em conhecer os principais conceitos e técnicas da área de Ciência de Dados. O curso visa prover teoria e prática a fim de que os alunos possam aplicar as novas técnicas e ferramentas estudadas em problemas reais.,"Introdução à ciência de dados. Descoberta de conhecimento em bases de dados, mineração de dados. Exploração de dados: caracterização de dados (objetos e atributos; tipos de dados); dados univariados; dados multivariados; visualização. Pré-processamento: qualidade de dados, limpeza dos dados, valores inconsistentes, objetos redundantes, ruído, outliers, dados desbalanceados. Transformação, conversão. Planejamento de experimentos: modelagem, desempenho (preditivo, custo), amostragem (hold-out, reamostragem), classificação binária. Análise de resultados experimentais: medidas de avaliação, gráficos ROC. Medidas de distância: estudo de algoritmo preditivo simples (k-NN).
Atividades de Extensão: Os alunos podem conduzir trabalhos práticos em tópicos de interesse da sociedade, por exemplo, lidando com dados populacionais do censo recente, estudando padrões de mudanças climáticas conforme registros históricos, etc, produzindo vídeos e palestras sobre o assunto.
Carga horária: 10 horas."
Competições de Ciências de Dados,SCC0277,Disciplinas Optativas Eletivas,8º Semestre Ideal,,"Complementar a formação dos alunos de graduação em Computação com interesse em utilizar técnicas de Ciência de Dados, em particular, Aprendizado de Máquina e Mineração de Dados, em problemas reais, utilizando para isso as técnicas e ferramentas vistas em disciplinas relacionadas.",Pré-processamento de dados e criação de modelos utilizando técnicas descritivas e preditivas. Análise de desempenho.
Acessibilidade em Sistemas Computacionais,SCC0280,Disciplinas Optativas Eletivas,8º Semestre Ideal,,"Fornecer aos alunos  uma visão integrada (em termos de legislação, dos recursos de Tecnologia Assistiva, e os princípios de design inclusivo)  sobre a questão de acessibilidade como um conceito fundamental  ao desenvolvimento dos sistemas computacionais.","Acessibilidade em Sistemas Computacionais e a norma ISO 9241-171. Legislação de acessibilidade e implicações para sistemas computacionais. Aspectos físicos e psicológicos de deficiências físicas e cognitivas e implicações para sistemas computacionais. Conceito de   Tecnologia Assistiva para pessoas com deficiência . Princípios de design inclusivo. Técnicas para design de sistemas computacionais acessíveis e avaliação da acessibilidade de sistemas computacionais.
Atividades de Extensão: Os estudantes podem desenvolver um projeto Web ou Mobile pensando no requisito de acessibilidade para a interface. Neste projeto prático da disciplina, os alunos podem pensar soluções de design que atendam ONGs, escolas e instituições da cidade. A etapa de design pode ser feita de forma conjunta com essas instituições e ao fim o projeto de design pode ser entregue às instituições. Os alunos podem ainda fazer análise de soluções já existentes das instituições para verificar se atendem aos requisitos de acessibilidade. Os alunos podem ainda ministrar cursos e palestras sobre as boas práticas aprendidas na disciplina para funcionários de empresas, ou ainda preparar/disponibilizar material online para outros alunos e profissionais da área.
Carga Horária: 15 horas."
Introdução à Web Semântica,SCC0283,Disciplinas Optativas Eletivas,8º Semestre Ideal,,"Introduzir o aluno às técnicas, teorias e modelos utilizados na Web Semântica, tornando-o apto a desenvolver recursos, ferramentas e aplicações computacionais que envolvam a aplicação desse conhecimento na resolução de problemas na área de aplicações Web. Capacitar o aluno para discutir criticamente tópicos pertinentes à área e propiciar-lhe subsídios para desenvolvimento de pesquisas.","Linked Data e RDF 1. Web Semântica: Definição e objetivos. 2. RDF e RDFS: Conceitos de triplas 3. Linked Data: Conceitos, SPARQL language e triplestores. 4. Ontologias, Lógica Descritiva e OWL - Web Ontology Language. 5. Perfis do OWL: OWL-EL, OWL-QL e OWL-RL 6. Aplicações: Criando uma ontologia e usando classificadores (sugestão Protégé) 7. Shapes Constraint Language and SWRL - Semantic Web Rule Language"
Mineração de Dados Não Estruturados,SCC0287,Disciplinas Optativas Eletivas,8º Semestre Ideal,,Apresentar ao aluno os princípios gerais da mineração de dados não estruturados e fornecer uma visão geral dos problemas relacionados aos diferentes tipos de dados não estruturados e as soluções disponíveis.,"Introdução à mineração de dados não estruturados. Fundamentos: identificação de problemas; pré-processamento de dados; extração de padrões; e pós-processamento. Tópicos especiais: mineração de textos, mineração de opiniões e análise de sentimentos, mineração de web, mineração de redes, mineração de dados temporais, e mineração de imagens, dentre outros.
Atividades de Extensão:
Os estudantes podem desenvolver projetos de mineração de dados não estruturados a partir de dados governamentais abertos a partir de portais de dados de órgãos municipais, estaduais e federais, visando monitoramento, transparência e controle social.
Carga horária: 10 horas."
Tópicos Avançados em Ciências de Computação II,SCC0911,Disciplinas Optativas Eletivas,8º Semestre Ideal,,"Apresentar aos alunos ideias mais avançadas de tópicos em Ciências de Computação, incluindo teoria e prática.",Apresentação da motivação para escolha do tema da disciplina. Implicações no universo da Ciência de Computação. Teoria que fundamenta o tema e suas ramificações. Exemplos de aplicação. Trabalho teórico e/ou prático.
Séries Temporais e Aprendizado Dinâmico,SME0808,Disciplinas Optativas Eletivas,8º Semestre Ideal,,"Apresentar os conceitos básicos da teoria de tratamento estatístico de séries temporais, preparar o aluno para análise, identificação e previsão de uma série temporal.","1. Séries temporais: conceito, suavização, tendência, sazonalidade, alisamento exponencial. 
2. Séries estacionárias. 
3. Função de autocovariância e autocorrelação. 
4. Modelos: ARMA, ARIMA, SARIMA. 
5. Identificação. 
6. Estimação. 
7. Previsão. 
8. Diagnósticos. 
9. indexação: similaridade/dissimilaridade, agrupamento, sumarização e segmentação 
10. Modelos estruturais: espaço de estado e previsão bayesiana."
Análise Multivariada e Aprendizado Não Supervisionado,SME0822,Disciplinas Optativas Eletivas,8º Semestre Ideal,SME0878; SME0878,Estudo de métodos multivariados de análise de dados e de aprendizado não supervisionado. Análise de variância multivariada. Análise de componentes principais. Análise fatorial. Análise de Agrupamentos Análise de correlação canônica. Análise de correspondência.,"Vetores aleatórios. Vetor de médias e matriz de covariâncias amostrais. Visualização de dados multivariados Distribuição normal multivariada e verificação de normalidade multivariada. Análise de variância multivariada. Métodos de redução de dimensionalidade: análise de componentes principais, análise fatorial, análise de correlação canônica e análise de correspondência. Análise de agrupamentos (clustering): K-médias e técnicas de agrupamento hierárquico."
Modelos de Regressão e Aprendizado Supervisionado II,SME0823,Disciplinas Optativas Eletivas,8º Semestre Ideal,,Apresentar conceitos introdutórios de modelos lineares generalizados em um enfoque computacional.,Aprendizado Supervisionado versus Aprendizado Não-Supervisionado. Modelos Lineares Generalizados: Definição. Função desvio. Métodos de Estimação. Teste de hipóteses. Técnicas de diagnóstico. Aplicações: Modelos Lineares Generalizados versus Classificação. Regressão Logística: Métodos clássicos. Regressão Logística linear. Modelos de dose-resposta. Técnicas de diagnóstico. Seleção de modelos. Aplicações. Regressão de Poisson: Métodos clássicos. Modelos log-lineares. Classificação de modelos. Regressão Logística Múltipla. Aplicações. Modelos de Quase-Verrossimilhança: Definição. Estimação e Testes. Aplicações. Avaliação da capacidade preditiva dos modelos. Compromisso entre viés e variância.
Tópicos Especiais em Engenharia de Software,SSC0123,Disciplinas Optativas Eletivas,8º Semestre Ideal,,Complementar a formação dos alunos em Engenharia de Software abordando com mais profundidade tópicos atuais e relevantes nesta área.,"Estudo aprofundado de tópicos de Engenharia de Software, incluindo, não de forma exclusiva, os seguintes: aspectos de custo e estimativa de desenvolvimento de software, especificações formais de software, ambientes de desenvolvimento de software, teste e validação de software, sistemas de gerenciamento de bases de dados para projetos de software e aplicação de técnicas de inteligência artificial em engenharia de software."
Gerência de Projetos,SSC0128,Disciplinas Optativas Eletivas,8º Semestre Ideal,,"Apresentar conhecimentos, habilidades e técnicas utilizadas na iniciação, planejamento, execução, controle e encerramento de um projeto.","Conceitos de Projeto, Ciclo de vida e organização do projeto, Processos de gerenciamento de projetos de um projeto: Gerenciamento de integração do projeto, Gerenciamento do escopo do projeto, Gerenciamento de tempo do projeto, Gerenciamento de custos do projeto, Gerenciamento da qualidade do projeto,  Gerenciamento de recursos humanos do projeto, Gerenciamento das comunicações do projeto,  Gerenciamento de riscos do projeto, Gerenciamento de aquisições do projeto.

Atividades de extensão: Documentação de exemplos de projetos em que são elaboradas soluções referentes à gerência dos projetos para utilização por outros alunos de diversos cursos relacionados à computação. A carga horária corresponde a 15 horas."
Administração e Gerenciamento de Redes,SSC0152,Disciplinas Optativas Eletivas,8º Semestre Ideal,,"Treinamento do aluno em aspectos de especificação, instalação, e administração de sistemas computacionais baseados em redes de computadores.","Revisão de conceitos de redes, especificamente IP (roteamento), TCP (transmissão confiável de pacotes, portas e sockets) e conectividade (cabeamento e equipamentos de conexão de redes). Instalação e configuração de serviços de rede: montagem de roteadores (física e lógica),  servidores (WEB, DNS, Mail, Proxy), integração de redes Windows e Linux (protocolo NetBios), segurança (firewall e VPNs) e gerenciamento de redes (SNMP).

Atividades de extensão: Desenvolvimento de propostas e elementos que possam assessorar na administração de redes de computadores. A carga horária corresponde a 30 horas."
Tópicos Avançados em Computação de Alto Desempenho,SSC0159,Disciplinas Optativas Eletivas,8º Semestre Ideal,,"Ensinar aos alunos tópicos avançados da computação de alto desempenho, considerando arquiteturas paralelas avançadas e ferramentas de desenvolvimento de programas concorrentes. Relacionar aspectos teóricos e práticos durante o desenvolvimento de aplicações paralelas com qualidade e desempenho.","Escopo da computação de alto desempenho: contexto, motivação, objetivos, conceitos e recursos necessários.
Arquiteturas paralelas avançadas: organização e arquitetura de CPUs &amp; memórias, redes de interconexão e avaliação de desempenho de arquiteturas paralelas.
Tópicos avançados de software concorrente: desenvolvimento de aplicações de alto desempenho utilizando técnicas avançadas de programação concorrente, uso simultâneo de diferentes paradigmas de comunicação e sincronização de processos, ferramentas de software para o desenvolvimento de aplicações de alto desempenho. Avaliação de desempenho de tais aplicações.
Teste de programas concorrentes: defeitos típicos em programas concorrentes, como empregar técnicas de teste em programas concorrentes, o problema do não determinismo, geração de diferentes sequências de sincronização, execução de sessões de teste usando ferramentas de teste para programas concorrentes."
Avaliação de Desempenho de Sistemas Computacionais,SSC0643,Disciplinas Optativas Eletivas,8º Semestre Ideal,,Estudo e aplicação de diferentes técnicas de modelagem e ferramentas para avaliação de desempenho de sistemas computacionais.,"Medidas de desempenho: orientadas a usuário e orientadas ao sistema; técnicas de aferição para avaliação de desempenho: monitores de hardware e de software, benchmarks, protótipos; processos estocásticos, técnicas de modelagem: representação de um modelo, solução analítica, solução por simulação; estudo de casos."
Sistemas Evolutivos e Aplicados à Robótica,SSC0713,Disciplinas Optativas Eletivas,8º Semestre Ideal,,"Introduzir conceitos básicos de sistemas evolutivos e suas aplicações em problemas do mundo real com destaque para área de robótica. Desenvolver habilidades de modelagem de sistemas de variada complexidade em que a robótica se aplica: sistemas típicos de engenharia, biológicos e sociais. A disciplina busca que os alunos adquiram capacidade de construir soluções eficientes para problemas complexos em robótica, bem como em áreas correlacionadas.","Introdução à visão sistêmica. Tipos de sistemas evolutivos. Técnicas de modelagem de sistemas e representações direta, indireta e mista. Principais algoritmos evolutivos da literatura. Aplicações no mundo real (mercado financeiro, bioinformática, escalonamento de tarefas e planejamento de linha de produção em indústrias) e em robótica (síntese automatizada de sistema como antenas, controladores; teste e verificação de microprocessadores, processamento de sinais, visão computacional e navegação de robôs).

Atividades de extensão: Projetos que resolvam problemas fora da USP. Feiras ou atividades para a sociedade. A carga horária corresponde a 10 horas."
Sensores Inteligentes,SSC0715,Disciplinas Optativas Eletivas,8º Semestre Ideal,,"Capacitar os alunos a lidar com a integração de conceitos teórico-práticos para a utilização de sensores e atuadores aplicados à robótica. Serão abordadas técnicas de fusão de sensores, extração de características, filtragem e classificação de dados e técnicas de tomada de decisão.","Estudo e implementação de modelos de sensores e atuadores inteligentes e suas aplicações na robótica. Implementação de algoritmos de estimação, classificação e filtragem de dados. Sistemas híbridos para processamento de dados dos sensores. Aplicação de técnicas de tomada de decisão em função de dados obtidos de sensores. Explicitar o desenvolvimento de projetos de laboratórios."
Engenharia de Software para Sistemas Embarcados,SSC0720,Disciplinas Optativas Eletivas,8º Semestre Ideal,,"Oferecer uma visão geral do processo de desenvolvimento de software embarcado, enfatizando as características dessa categoria de software.","Visão geral de Engenharia de Software, história dos Sistemas Embarcados, características e conceitos básicos, desenvolvimento de software para sistemas embarcados (engenharia de requisitos, modelagem, aspectos de Implementação, validação, verificação e teste), dependabilidade,  segurança, apoio em tempo de execução (configuração e reconfiguração, mobilidade, localização, awareness), desenvolvimento de um projeto."
Sistemas Educacionais Avançados,SSC0724,Disciplinas Optativas Eletivas,8º Semestre Ideal,,"Oferecer os fundamentos pedagógicos e computacionais para o desenvolvimento sistemas educacionais avançados. Espera-se que o aluno obtenha conhecimentos sobre como as diversas áreas da computação contribuem para resolver problemas educacionais (e.g. geração de conteúdo, tutoria inteligentes e avaliação automática) e como a área da educação pode favorecer o avanço da pesquisa e desenvolvimento na área de computação (e.g. novos algoritmos, melhores interfaces e técnicas de interação humano-computador, etc). Ao final da disciplina o aluno deverá ser capaz de mapear e implementar aspectos instrucionais e pedagógocos em sistemas computacionais. O aluno também será capaz de analisar e desenvolver sistemas educacionais e objetos de aprendizagem utilizando o estado da arte da tecnologia vigente para diferentes domínios do conhecimento (e.g. matemática, português ou computação).  Espera-se também que o aluno trabalhe as habilidades de especificar, prototipar, analisar, projetar, implementar, testar e avaliar sistemas educacionais avançados em situações reais de uso. O aluno também deve ser capaz de realizar pesquisas científicas dentro desta temática.","Fundamentos básicos sobre teorias instrucionais, educacionais e da aprendizagem humana. Engenharia de Software Educacional (métodos e processos para desenvolvimento de sistemas educacionais, linhas de produto para autoria de conteúdo, etc). Educação a Distância. Aprendizagem Colaborativas com Suporte Educacional (CSCL). Objetos de aprendizagem. Desenvolvimento de jogos educacionais. Aprendizagem móvel (mlearning) e ubíqua. Usabilidade e IHC para sistemas educacionais. Mineração de dados educacionais. Sistemas tutores inteligentes. Inteligência Artificial na Educação. Web Social e Web Semântica (e.g. ontologias) na Educação. Computação efetiva em sistemas educacionais. Tecnologia e empreendedorismo social. Metodologia de pesquisa científica para o planejamento, implementação e validação (definição de experimentos e análise de dados) de software educacional."
Reuso de Software,SSC0726,Disciplinas Optativas Eletivas,8º Semestre Ideal,,"Aprofundar os conhecimentos em conceitos relacionados ao reúso de software, bem como metodologias, tecnologias e ferramentas de apoio ao reuso.","A disciplina oferecerá aos alunos uma introdução aos conceitos gerais envolvidos na reutilização de software. Em seguida, as várias técnicas, métodos e ferramentas específicos para apoio à reutilização serão aprofundados. Entre eles estão: desenvolvimento baseado em componentes (DBC), desenvolvimento orientado a aspectos (POA), desenvolvimento de linhas de produtos de software (LPS), geradores de aplicações, arquitetura orientada a serviços (SOA), desenvolvimento orientado a modelos (MDD) e sistema-de-sistemas (SoS)."
Projeto e Implementação de Sistemas Embarcados I,SSC0741,Disciplinas Optativas Eletivas,8º Semestre Ideal,,"Destacar metodologias que favoreçam o projeto de sistemas embarcados em tempo real adequados à complexidade atual das aplicações, que inclui conceitos como o re-uso de projetos (core), verificação formal e implementação de software.","Desenvolvimento de projetos em Alto Nível através de Linguagens de Descrição de Hardware (VHDL, Verilog), Máquina Finita de Estados, RTL (Register Transfer Level), em dispositivos como Field Programmable Gate Array (FPGA). São considerados Co-Projetos de Hardware/Software em ambientes System-on-Chip enfocando CORE e IP para o re-uso de sistemas. Para esses estudos são considerados os usos das ferramentas EDA (Eletronic Design Automation) da Xilinx e Altera. Considerações sobre: co-projeto de hardware/software; engenharia de software para o sistema; questões de sincronização de clock; protocolo de comunicação; escalonamento; RTOS (Real Time Operating System); validação e verificação; tolerância à falhas; programando sensores e atuadores; simulação, ferramentas EDA, ambiente distribuído."
Computação Distribuída,SSC0744,Disciplinas Optativas Eletivas,8º Semestre Ideal,,"Aprofundar os conhecimentos adquiridos na disciplina Sistemas Computacionais Distribuídos e Programação Concorrente, através de uma abordagem prática.",Revisão e aplicação prática dos conceitos de Sistemas Computacionais Distribuídos e Programação Concorrente.
Sistemas Computacionais de Tempo-Real,SSC0745,Disciplinas Optativas Eletivas,8º Semestre Ideal,,Introduzir o aluno aos aspectos conceituais e tecnológicos associados ao projeto e avaliação de sistemas computacionais com requisitos de tempo-real.,"Conceitos essenciais em sistemas de tempo-real: requisitos temporais, medidas de tempo e relógios, sincronização temporal, medidas de atraso. Categorias de sistemas de tempo-real e especificidades: hard, firm, soft RT.  Problemas e soluções em software e hardware de tempo-real: determinismo temporal, latência,  eventos síncronos vs assíncronos, escalonamento de tarefas.  Aplicações de tempo-real: sistemas operacionais, linguagens de programação, técnicas de avaliação analíticas e de simulação."
Redes Móveis,SSC0748,Disciplinas Optativas Eletivas,8º Semestre Ideal,,"Apresentar os conceitos básicos em mobilidade, tecnologias de redes móveis sem fio e em projetos de sistemas baseados em localização.","Introdução; fundamentos de transmissão, redes de comunicação, protocolos; Tecnologias básicas: antenas, codificação de sinais, uso espectral; Redes sem-fio: satélites, redes de celulares, WLL, Móbile IP, WAP; LANs sem-fio: bluetooth, Wifi, WiMax, outros padrões."
Laboratório de Engenharia de Segurança,SSC0901,Disciplinas Optativas Eletivas,8º Semestre Ideal,,Fornecer aos alunos uma visão ampla e prática sobre segurança computacional.,"Estudos de caso (exploração de técnicas e contramedidas em laboratório) – Laboratório de IPSEC-Racoon; Laboratório de Portscan; Laboratório de HoneyPot; Laboratório de Snort; Laboratório de Proxy Squid; Laboratório de Proxy. Técnicas de ataque e contramedidas: Introdução à exploração de falhas; Exploração de serviço vulnerável – vsFTPd; Escalação de Privilégios – Buffer Overflow; Heap Overflow; Explorando aplicações Web; Pentest; Vulnerabilidade BlueBorne.

Atividades de extensão: Disponibilização de material didático. A carga horária corresponde a 15 horas."
Internet das Coisas,SSC0952,Disciplinas Optativas Eletivas,8º Semestre Ideal,,"Transmitir aos alunos conceitos sobre Internet das Coisas, considerando seus aspectos relacionados ao hardware e ao software, com vistas ao desenvolvimento de aplicações inovadoras para a resolução de problemas do mundo real.","Introdução à Internet das Coisas: Conceitos, Histórico, Principais Tecnologias, Arquiteturas, Aplicações, Evolução;
Introdução ao BigData: Princípios Introdutórios e suas propriedades. Conceitos relacionados à variedade, volume e velocidade de acesso aos dados. Infraestutura e técnicas para a extração de grandes volumes de dados. Ferramentas web para remotamente analisar dados;
Introdução ao Cloud Computing: Apresentação de Conceitos fundamentais de computação em nuvem, considerando aspectos teóricos e práticos;
Sustentabilidade e Tecnologias Digitais: Conceitos, Desafios, Data Center Verde, Aspesctos Sociais e Financeiros;
Requisistos e Infraestrutura para IoT (Hardware e Software): Metodologias para especificação, projeto e execução. Introdução aos Sistemas Embarcados. Controle de Sistemas Eletrônicos pela Internet. Middlewares para IoT;
Redes de Sensores e Tecnologias de Comunicação: Introdução aos conceitos de RSSF;
Tecnologias de Rastreamento: Introdução ao rastreamento e suas técnicas, aplicações e serviços;
Desenvolvimento de Aplicações para IoT: Apresentar soluções de mercado em diversas áreas, incluindo o setor publico (saúde, educação, patrimônio) e privado: logistica, energia, etc. Estudo de casos reais de sistemas desenvolvidos no mundo. Discussões sobre o planejamento de uma aplicação envolvendo as áreas acima citadas; 
Avaliação de Desempenho de Sistemas Computacionais para IoT: Planejamento de Experimentos, Configuração do Ambiente, Execução de Experimentos e Análise dos Resultados.

Atividades de extensão: Desenvolver soluções que podem ser aplicadas e ambientes públicos tornando-os ambientes smart. A carga horária corresponde a 30 horas."
Criptomoedas e Blockchain,SSC0958,Disciplinas Optativas Eletivas,8º Semestre Ideal,,"Prover ao aluno uma visão geral do estado da arte em criptomoedas, bem como o  aprofundamento das principais plataformas do livro-razão distribuído como a Blockchain.  Aplicações descentralizadas baseadas em contratos inteligentes também serão estudadas  ao longo do curso.","- Propriedades de segurança como privacidade, autenticação e integridade - Criptografia simétrica e assimétrica 
- Introdução ao livro-razão distribuído (DLT) 
- As principais implementações da blockchain 
- Bitcoin 
- Ethereum 
- Tipos de blockchain como privado, público, permissionado e não-permissionado - Transações e o teorema de CAP 
- Protocolos de consenso 
- Tolerância a falhas bizantinas 
- Prova de Trabalho (PoW) 
- Prova de Participação (PoS) 
- Criptomoedas 
- Teoria (o que é, taxa de emissão, vantagens, lastro) 
- Aspectos de implementação 
- Tópicos emergentes em criptomoedas e DLTs 
- Tópicos emergentes (p.ex., NFT, DeFi, o que houver na época do estudo) - As criptomoedas emergentes
- Contratos Inteligentes 
- Definição 
- Aspectos de implementação 
- Principais aplicações 
- Organização autônoma descentralizada (DAO) 
- Teoria 
- Principais aplicações"
Projeto em Intercâmbio I,SCC0289,Disciplinas Optativas Eletivas,9º Semestre Ideal,SCC0290,O objetivo desta disciplina é o de permitir ao estudante que desenvolva atividades relevantes para sua formação em empresas ou universidades/centros de pesquisa durante período de intercâmbio oficialmente reconhecido.,"Para os alunos que optarem por um estágio em uma empresa, sob responsabilidade do supervisor na empresa, o objeto específico é permitir que o aluno se familiarize com o ambiente onde deverá exercer sua profissão e dar-lhe uma visão mais abrangente da área e a possibilidade de trabalhar junto a uma equipe desenvolvendo um projeto real da prática profissional. Para os alunos que optarem por projeto de graduação, sob responsabilidade de um pesquisador/professor na universidade/centro de pesquisa, o objetivo é o de desenvolver no estudante o espírito, a mentalidade de pesquisa e a capacidade de síntese, permitindo o desenvolvimento de uma visão mais global da área de Computação através da elaboração de um projeto de pesquisa. Em ambos os casos, o aluno deve preparar monografia detalhada com o relato das atividades e apresenta-las formalmente, sendo avaliado pelo docente da disciplina."
Projeto de Graduação I,SCC0293,Disciplinas Optativas Eletivas,9º Semestre Ideal,SCC0294,"Para os alunos que optarem por projeto de graduação, o objetivo desta disciplina é o de desenvolver no estudante o espírito, a mentalidade de pesquisa e a capacidade de síntese. Permitir o desenvolvimento de uma visão mais global das áreas de Ciência de Computação ou Matemática Computacional através da elaboração de um projeto assistido por docente.","Para os alunos que optarem por projeto de graduação, elaboração de um projeto em Ciências de Computação ou Matemática Computacional, sob a orientação de docente da USP, da área de computação, ou de docente de outra Instituição de Ensino Superior desde que autorizado pelo coordenador do curso. O Projeto deve compreender as fases de especificação e implementação e, quando for o caso, levantamento bibliográfico deve ser feito. Ao final deve ser escrita uma monografia pormenorizada do projeto."
Projeto Empreendedor I,SCC0300,Disciplinas Optativas Eletivas,9º Semestre Ideal,,"Permitir que o aluno demonstre capacidade empreendedora, descrevendo e documentando projetos desenvolvidos por empresa formalmente constituída, da qual ele é sócio atuante.","Descrição de projeto desenvolvido ou de um texto sistematizando a atuação de uma empresa formalmente constituída, da qual o aluno deve ser sócio atuante há pelo menos um ano. O aluno deverá ter a orientação de um professor supervisor. A empresa deve atuar na área de computação. Ao final deve ser escrita uma monografia pormenorizada do projeto."
Mineração Estatística de Dados,SME0878,Disciplinas Optativas Eletivas,9º Semestre Ideal,,"Apresentar ao aluno os principais conceitos e técnicas de mineração estatística de dados. A teoria será desenvolvida com aplicações em várias área do conhecimento, dentre as quais, biologia, economia, engenharia, finanças e medicina.","Introdução à mineração de dados. Mineração de dados e análise estatística. Importância do banco de dados. O Processo KDD. Procedimentos de segmentação de base. Sumarização. Modelos supervisionados de classificação. Modelos pontuais e predição, regressão logística, regressão probito, regressão logística limitada. Modelos temporais de predição; estimadores empíricos da função de sobrevivência e da função de risco, modelos paramétricos básicos, estimação, compração de modelos. Medidas de capacidade preditiva. Análise de associação. Análise de Agrupamentos. Redução de dimensionalidade. Seleção de atributos. Combinação de classificadores.

Atividades de extensão: Desenvolvimento de projetos práticos de interesse da sociedade ou de um pesquisador/empresa, para serem conduzidos por Problem-based Learning (PBL), captado pelo Núcleo de Estatística Aplicada (NEA), Centro de Ciências Matemáticas Aplicadas à Industria (CeMEAI) ou outros centros de pesquisa. Estas atividades correspondem a 60 horas de atividades de extensão.
A disciplina poderá ser oferecida de forma híbrida, sendo parte das atividades desenvolvidas remotamente."
Projeto em Intercâmbio II,SCC0290,Disciplinas Optativas Eletivas,10º Semestre Ideal,,O objetivo desta disciplina é o de permitir ao estudante que desenvolva atividades relevantes para sua formação em empresas ou universidades/centros de pesquisa durante período de intercâmbio oficialmente reconhecido.,"Para os alunos que optarem por um estágio em uma empresa, sob responsabilidade do supervisor na empresa, o objeto específico é permitir que o aluno se familiarize com o ambiente onde deverá exercer sua profissão e dar-lhe uma visão mais abrangente da área e a possibilidade de trabalhar junto a uma equipe desenvolvendo um projeto real da prática profissional. Para os alunos que optarem por projeto de graduação, sob responsabilidade de um pesquisador/professor na universidade/centro de pesquisa, o objetivo é o de desenvolver no estudante o espírito, a mentalidade de pesquisa e a capacidade de síntese, permitindo o desenvolvimento de uma visão mais global da área de Computação através da elaboração de um projeto de pesquisa. Em ambos os casos, o aluno deve preparar monografia detalhada com o relato das atividades e apresenta-las formalmente, sendo avaliado pelo docente da disciplina."
Projeto de Graduação II,SCC0294,Disciplinas Optativas Eletivas,10º Semestre Ideal,,"Para os alunos que optarem por projeto de graduação, o objetivo desta disciplina é o de desenvolver no estudante o espírito, a mentalidade de pesquisa e a capacidade de síntese. Permitir o desenvolvimento de uma visão mais global das áreas de Ciência de Computação ou Matemática Computacional através da elaboração de um projeto assistido por docente.","Para os alunos que optarem por projeto de graduação, elaboração de um projeto em Ciências de Computação ou Matemática Computacional, sob a orientação de docente da USP, da área de computação, ou de docente de outra Instituição de Ensino Superior desde que autorizado pelo coordenador do curso. O Projeto deve compreender as fases de especificação e implementação e, quando for o caso, levantamento bibliográfico deve ser feito. Ao final deve ser escrita uma monografia pormenorizada do projeto."
Projeto Empreendedor II,SCC0302,Disciplinas Optativas Eletivas,10º Semestre Ideal,,"Permitir que o aluno demonstre capacidade empreendedora, descrevendo e documentando projetos desenvolvidos por empresa formalmente constituída, da qual ele é sócio atuante.","Descrição de projeto desenvolvido ou de um texto sistematizando a atuação de uma empresa formalmente constituída, da qual o aluno deve ser sócio atuante há pelo menos um ano. O aluno deverá ter a orientação de um professor supervisor. A empresa deve atuar na área de computação. Ao final deve ser escrita uma monografia pormenorizada do projeto."
